ID,标签,物种,性别,年龄,,,,,,,,,,,,,,
1,狍雄性成体,狍,雄性,成体,,,,,,,,,,,,,,,
2,狍雌性成体,狍,雌性,成体,,,,,,,,,,,,,,,
3,狍成体,狍,无法区分,成体,,,,,,,,,,,,,,,
4,狍雄性亚成体,狍,雄性,亚成体,,,,,,,,,,,,,,,
5,狍雌性亚成体,狍,雌性,亚成体,,,,,,,,,,,,,,,
6,狍亚成体,狍,无法区分,亚成体,,,,,,,,,,,,,,,
7,狍幼体,狍,无法区分,幼体,,,,,,,,,,,,,,,
8,狍,狍,无法区分,无法区分,,,,,,,,,,,,,,,
9,红腹锦鸡雄性成体,红腹锦鸡,雄性,成体,,,,,,,,,,,,,,,
10,红腹锦鸡雌性成体,红腹锦鸡,雌性,成体,,,,,,,,,,,,,,,
11,红腹锦鸡成体,红腹锦鸡,无法区分,成体,,,,,,,,,,,,,,,
12,红腹锦鸡雄性亚成体,红腹锦鸡,雄性,亚成体,,,,,,,,,,,,,,,
13,红腹锦鸡雌性亚成体,红腹锦鸡,雌性,亚成体,,,,,,,,,,,,,,,
14,红腹锦鸡亚成体,红腹锦鸡,无法区分,亚成体,,,,,,,,,,,,,,,
15,红腹锦鸡幼体,红腹锦鸡,无法区分,幼体,,,,,,,,,,,,,,,
16,红腹锦鸡,红腹锦鸡,无法区分,无法区分,,,,,,,,,,,,,,,
17,梅花鹿雄性成体,梅花鹿,雄性,成体,,,,,,,,,,,,,,,
18,梅花鹿雌性成体,梅花鹿,雌性,成体,,,,,,,,,,,,,,,
19,梅花鹿成体,梅花鹿,无法区分,成体,,,,,,,,,,,,,,,
20,梅花鹿雄性亚成体,梅花鹿,雄性,亚成体,,,,,,,,,,,,,,,
21,梅花鹿雌性亚成体,梅花鹿,雌性,亚成体,,,,,,,,,,,,,,,
22,梅花鹿亚成体,梅花鹿,无法区分,亚成体,,,,,,,,,,,,,,,
23,梅花鹿幼体,梅花鹿,无法区分,幼体,,,,,,,,,,,,,,,
24,梅花鹿,梅花鹿,无法区分,无法区分,,,,,,,,,,,,,,,
25,水鹿雄性成体,水鹿,雄性,成体,,,,,,,,,,,,,,,
26,水鹿雌性成体,水鹿,雌性,成体,,,,,,,,,,,,,,,
27,水鹿成体,水鹿,无法区分,成体,,,,,,,,,,,,,,,
28,水鹿雄性亚成体,水鹿,雄性,亚成体,,,,,,,,,,,,,,,
29,水鹿雌性亚成体,水鹿,雌性,亚成体,,,,,,,,,,,,,,,
30,水鹿亚成体,水鹿,无法区分,亚成体,,,,,,,,,,,,,,,
31,水鹿幼体,水鹿,无法区分,幼体,,,,,,,,,,,,,,,
32,水鹿,水鹿,无法区分,无法区分,,,,,,,,,,,,,,,
33,毛冠鹿雄性成体,毛冠鹿,雄性,成体,,,,,,,,,,,,,,,
34,毛冠鹿雌性成体,毛冠鹿,雌性,成体,,,,,,,,,,,,,,,
35,毛冠鹿成体,毛冠鹿,无法区分,成体,,,,,,,,,,,,,,,
36,毛冠鹿雄性亚成体,毛冠鹿,雄性,亚成体,,,,,,,,,,,,,,,
37,毛冠鹿雌性亚成体,毛冠鹿,雌性,亚成体,,,,,,,,,,,,,,,
38,毛冠鹿亚成体,毛冠鹿,无法区分,亚成体,,,,,,,,,,,,,,,
39,毛冠鹿幼体,毛冠鹿,无法区分,幼体,,,,,,,,,,,,,,,
40,毛冠鹿,毛冠鹿,无法区分,无法区分,,,,,,,,,,,,,,,
41,中华斑羚雄性成体,中华斑羚,雄性,成体,,,,,,,,,,,,,,,
42,中华斑羚雌性成体,中华斑羚,雌性,成体,,,,,,,,,,,,,,,
43,中华斑羚成体,中华斑羚,无法区分,成体,,,,,,,,,,,,,,,
44,中华斑羚雄性亚成体,中华斑羚,雄性,亚成体,,,,,,,,,,,,,,,
45,中华斑羚雌性亚成体,中华斑羚,雌性,亚成体,,,,,,,,,,,,,,,
46,中华斑羚亚成体,中华斑羚,无法区分,亚成体,,,,,,,,,,,,,,,
47,中华斑羚幼体,中华斑羚,无法区分,幼体,,,,,,,,,,,,,,,
48,中华斑羚,中华斑羚,无法区分,无法区分,,,,,,,,,,,,,,,
49,中华鬣羚雄性成体,中华鬣羚,雄性,成体,,,,,,,,,,,,,,,
50,中华鬣羚雌性成体,中华鬣羚,雌性,成体,,,,,,,,,,,,,,,
51,中华鬣羚成体,中华鬣羚,无法区分,成体,,,,,,,,,,,,,,,
52,中华鬣羚雄性亚成体,中华鬣羚,雄性,亚成体,,,,,,,,,,,,,,,
53,中华鬣羚雌性亚成体,中华鬣羚,雌性,亚成体,,,,,,,,,,,,,,,
54,中华鬣羚亚成体,中华鬣羚,无法区分,亚成体,,,,,,,,,,,,,,,
55,中华鬣羚幼体,中华鬣羚,无法区分,幼体,,,,,,,,,,,,,,,
56,中华鬣羚,中华鬣羚,无法区分,无法区分,,,,,,,,,,,,,,,
57,秦岭羚牛雄性成体,秦岭羚牛,雄性,成体,,,,,,,,,,,,,,,
58,秦岭羚牛雌性成体,秦岭羚牛,雌性,成体,,,,,,,,,,,,,,,
59,秦岭羚牛成体,秦岭羚牛,无法区分,成体,,,,,,,,,,,,,,,
60,秦岭羚牛雄性亚成体,秦岭羚牛,雄性,亚成体,,,,,,,,,,,,,,,
61,秦岭羚牛雌性亚成体,秦岭羚牛,雌性,亚成体,,,,,,,,,,,,,,,
62,秦岭羚牛亚成体,秦岭羚牛,无法区分,亚成体,,,,,,,,,,,,,,,
63,秦岭羚牛幼体,秦岭羚牛,无法区分,幼体,,,,,,,,,,,,,,,
64,秦岭羚牛,秦岭羚牛,无法区分,无法区分,,,,,,,,,,,,,,,
65,四川羚牛雄性成体,四川羚牛,雄性,成体,,,,,,,,,,,,,,,
66,四川羚牛雌性成体,四川羚牛,雌性,成体,,,,,,,,,,,,,,,
67,四川羚牛成体,四川羚牛,无法区分,成体,,,,,,,,,,,,,,,
68,四川羚牛雄性亚成体,四川羚牛,雄性,亚成体,,,,,,,,,,,,,,,
69,四川羚牛雌性亚成体,四川羚牛,雌性,亚成体,,,,,,,,,,,,,,,
70,四川羚牛亚成体,四川羚牛,无法区分,亚成体,,,,,,,,,,,,,,,
71,四川羚牛幼体,四川羚牛,无法区分,幼体,,,,,,,,,,,,,,,
72,四川羚牛,四川羚牛,无法区分,无法区分,,,,,,,,,,,,,,,
73,野骆驼雄性成体,野骆驼,雄性,成体,,,,,,,,,,,,,,,
74,野骆驼雌性成体,野骆驼,雌性,成体,,,,,,,,,,,,,,,
75,野骆驼雄性亚成体,野骆驼,雄性,亚成体,,,,,,,,,,,,,,,
76,野骆驼雌性亚成体,野骆驼,雌性,亚成体,,,,,,,,,,,,,,,
77,野骆驼亚成体,野骆驼,无法区分,亚成体,,,,,,,,,,,,,,,
78,野骆驼幼体,野骆驼,无法区分,幼体,,,,,,,,,,,,,,,
79,野骆驼,野骆驼,无法区分,无法区分,,,,,,,,,,,,,,,
80,鹅喉羚雄性成体,鹅喉羚,雄性,成体,,,,,,,,,,,,,,,
81,鹅喉羚雌性成体,鹅喉羚,雌性,成体,,,,,,,,,,,,,,,
82,鹅喉羚成体,鹅喉羚,无法区分,成体,,,,,,,,,,,,,,,
83,鹅喉羚雄性亚成体,鹅喉羚,雄性,亚成体,,,,,,,,,,,,,,,
84,鹅喉羚雌性亚成体,鹅喉羚,雌性,亚成体,,,,,,,,,,,,,,,
85,鹅喉羚亚成体,鹅喉羚,无法区分,亚成体,,,,,,,,,,,,,,,
86,鹅喉羚,鹅喉羚,无法区分,无法区分,,,,,,,,,,,,,,,
87,野马雄性成体,野马,雄性,成体,,,,,,,,,,,,,,,
88,野马雌性成体,野马,雌性,成体,,,,,,,,,,,,,,,
89,野马成体,野马,无法区分,成体,,,,,,,,,,,,,,,
90,野马雄性亚成体,野马,雄性,亚成体,,,,,,,,,,,,,,,
91,野马雌性亚成体,野马,雌性,亚成体,,,,,,,,,,,,,,,
92,野马亚成体,野马,无法区分,亚成体,,,,,,,,,,,,,,,
93,野马幼体,野马,无法区分,幼体,,,,,,,,,,,,,,,
94,野马,野马,无法区分,无法区分,,,,,,,,,,,,,,,
95,白腹巨鼠雄性成体,白腹巨鼠,雄性,成体,,,,,,,,,,,,,,,
96,白腹巨鼠,白腹巨鼠,无法区分,无法区分,,,,,,,,,,,,,,,
97,猪獾雄性成体,猪獾,雄性,成体,,,,,,,,,,,,,,,
98,猪獾雌性成体,猪獾,雌性,成体,,,,,,,,,,,,,,,
99,猪獾成体,猪獾,无法区分,成体,,,,,,,,,,,,,,,
100,猪獾亚成体,猪獾,无法区分,亚成体,,,,,,,,,,,,,,,
101,猪獾幼体,猪獾,无法区分,幼体,,,,,,,,,,,,,,,
102,猪獾,猪獾,无法区分,无法区分,,,,,,,,,,,,,,,
103,鼬獾雄性成体,鼬獾,雄性,成体,,,,,,,,,,,,,,,
104,鼬獾雌性成体,鼬獾,雌性,成体,,,,,,,,,,,,,,,
105,鼬獾成体,鼬獾,无法区分,成体,,,,,,,,,,,,,,,
106,鼬獾亚成体,鼬獾,无法区分,亚成体,,,,,,,,,,,,,,,
107,鼬獾幼体,鼬獾,无法区分,幼体,,,,,,,,,,,,,,,
108,鼬獾,鼬獾,无法区分,无法区分,,,,,,,,,,,,,,,
109,花面狸雄性成体,花面狸,雄性,成体,,,,,,,,,,,,,,,
110,花面狸雌性成体,花面狸,雌性,成体,,,,,,,,,,,,,,,
111,花面狸成体,花面狸,无法区分,成体,,,,,,,,,,,,,,,
112,花面狸亚成体,花面狸,无法区分,亚成体,,,,,,,,,,,,,,,
113,花面狸幼体,花面狸,无法区分,幼体,,,,,,,,,,,,,,,
114,花面狸,花面狸,无法区分,无法区分,,,,,,,,,,,,,,,
115,貉雄性成体,貉,雄性,成体,,,,,,,,,,,,,,,
116,貉雌性成体,貉,雌性,成体,,,,,,,,,,,,,,,
117,貉成体,貉,无法区分,成体,,,,,,,,,,,,,,,
118,貉亚成体,貉,无法区分,亚成体,,,,,,,,,,,,,,,
119,貉幼体,貉,无法区分,幼体,,,,,,,,,,,,,,,
120,貉,貉,无法区分,无法区分,,,,,,,,,,,,,,,
121,豪猪雄性成体,豪猪,雄性,成体,,,,,,,,,,,,,,,
122,豪猪雌性成体,豪猪,雌性,成体,,,,,,,,,,,,,,,
123,豪猪成体,豪猪,无法区分,成体,,,,,,,,,,,,,,,
124,豪猪亚成体,豪猪,无法区分,亚成体,,,,,,,,,,,,,,,
125,豪猪幼体,豪猪,无法区分,幼体,,,,,,,,,,,,,,,
126,豪猪,豪猪,无法区分,无法区分,,,,,,,,,,,,,,,
127,帚尾豪猪雄性成体,帚尾豪猪,雄性,无法区分,,,,,,,,,,,,,,,
128,帚尾豪猪雌性成体,帚尾豪猪,雌性,无法区分,,,,,,,,,,,,,,,
129,帚尾豪猪成体,帚尾豪猪,无法区分,成体,,,,,,,,,,,,,,,
130,帚尾豪猪亚成体,帚尾豪猪,无法区分,亚成体,,,,,,,,,,,,,,,
131,帚尾豪猪幼体,帚尾豪猪,无法区分,幼体,,,,,,,,,,,,,,,
132,帚尾豪猪,帚尾豪猪,无法区分,无法区分,,,,,,,,,,,,,,,
133,黄喉貂雄性成体,黄喉貂,雄性,成体,,,,,,,,,,,,,,,
134,黄喉貂雌性成体,黄喉貂,雌性,成体,,,,,,,,,,,,,,,
135,黄喉貂成体,黄喉貂,无法区分,成体,,,,,,,,,,,,,,,
136,黄喉貂亚成体,黄喉貂,无法区分,亚成体,,,,,,,,,,,,,,,
137,黄喉貂幼体,黄喉貂,无法区分,幼体,,,,,,,,,,,,,,,
138,黄喉貂,黄喉貂,无法区分,无法区分,,,,,,,,,,,,,,,
139,豹猫雄性成体,豹猫,雄性,成体,,,,,,,,,,,,,,,
140,豹猫雌性成体,豹猫,雌性,成体,,,,,,,,,,,,,,,
141,豹猫成体,豹猫,无法区分,成体,,,,,,,,,,,,,,,
142,豹猫亚成体,豹猫,无法区分,亚成体,,,,,,,,,,,,,,,
143,豹猫幼体,豹猫,无法区分,幼体,,,,,,,,,,,,,,,
144,豹猫,豹猫,无法区分,无法区分,,,,,,,,,,,,,,,
145,大熊猫雄性成体,大熊猫,雄性,成体,,,,,,,,,,,,,,,
146,大熊猫雌性成体,大熊猫,雌性,成体,,,,,,,,,,,,,,,
147,大熊猫成体,大熊猫,无法区分,成体,,,,,,,,,,,,,,,
148,大熊猫亚成体,大熊猫,无法区分,亚成体,,,,,,,,,,,,,,,
149,大熊猫幼体,大熊猫,无法区分,幼体,,,,,,,,,,,,,,,
150,大熊猫,大熊猫,无法区分,无法区分,,,,,,,,,,,,,,,
151,黑熊雄性成体,黑熊,雄性,成体,,,,,,,,,,,,,,,
152,黑熊雌性成体,黑熊,雌性,成体,,,,,,,,,,,,,,,
153,黑熊成体,黑熊,无法区分,成体,,,,,,,,,,,,,,,
154,黑熊亚成体,黑熊,无法区分,亚成体,,,,,,,,,,,,,,,
155,黑熊幼体,黑熊,无法区分,幼体,,,,,,,,,,,,,,,
156,黑熊,黑熊,无法区分,无法区分,,,,,,,,,,,,,,,
157,岩松鼠雄性成体,岩松鼠,雄性,成体,,,,,,,,,,,,,,,
158,岩松鼠雌性成体,岩松鼠,雌性,成体,,,,,,,,,,,,,,,
159,岩松鼠成体,岩松鼠,无法区分,成体,,,,,,,,,,,,,,,
160,岩松鼠亚成体,岩松鼠,无法区分,亚成体,,,,,,,,,,,,,,,
161,岩松鼠幼体,岩松鼠,无法区分,幼体,,,,,,,,,,,,,,,
162,岩松鼠,岩松鼠,无法区分,无法区分,,,,,,,,,,,,,,,
163,红腿长吻松鼠雄性成体,红腿长吻松鼠,雄性,成体,,,,,,,,,,,,,,,
164,红腿长吻松鼠雌性成体,红腿长吻松鼠,雌性,成体,,,,,,,,,,,,,,,
165,红腿长吻松鼠成体,红腿长吻松鼠,无法区分,成体,,,,,,,,,,,,,,,
166,红腿长吻松鼠亚成体,红腿长吻松鼠,无法区分,亚成体,,,,,,,,,,,,,,,
167,红腿长吻松鼠幼体,红腿长吻松鼠,无法区分,幼体,,,,,,,,,,,,,,,
168,红腿长吻松鼠,红腿长吻松鼠,无法区分,无法区分,,,,,,,,,,,,,,,
169,赤腹松鼠雄性成体,赤腹松鼠,雄性,成体,,,,,,,,,,,,,,,
170,赤腹松鼠雌性成体,赤腹松鼠,雌性,成体,,,,,,,,,,,,,,,
171,赤腹松鼠成体,赤腹松鼠,无法区分,成体,,,,,,,,,,,,,,,
172,赤腹松鼠亚成体,赤腹松鼠,无法区分,亚成体,,,,,,,,,,,,,,,
173,赤腹松鼠幼体,赤腹松鼠,无法区分,幼体,,,,,,,,,,,,,,,
174,赤腹松鼠,赤腹松鼠,无法区分,无法区分,,,,,,,,,,,,,,,
175,珀氏长吻松鼠雄性成体,珀氏长吻松鼠,雄性,成体,,,,,,,,,,,,,,,
176,珀氏长吻松鼠雌性成体,珀氏长吻松鼠,雌性,成体,,,,,,,,,,,,,,,
177,珀氏长吻松鼠成体,珀氏长吻松鼠,无法区分,成体,,,,,,,,,,,,,,,
178,珀氏长吻松鼠亚成体,珀氏长吻松鼠,无法区分,亚成体,,,,,,,,,,,,,,,
179,珀氏长吻松鼠幼体,珀氏长吻松鼠,无法区分,幼体,,,,,,,,,,,,,,,
180,珀氏长吻松鼠,珀氏长吻松鼠,无法区分,无法区分,,,,,,,,,,,,,,,
181,红腹角雉雄性成体,红腹角雉,雄性,成体,,,,,,,,,,,,,,,
182,红腹角雉雌性成体,红腹角雉,雌性,无法区分,,,,,,,,,,,,,,,
183,红腹角雉成体,红腹角雉,无法区分,成体,,,,,,,,,,,,,,,
184,红腹角雉雄性亚成体,红腹角雉,雄性,亚成体,,,,,,,,,,,,,,,
185,红腹角雉雌性亚成体,红腹角雉,雌性,亚成体,,,,,,,,,,,,,,,
186,红腹角雉亚成体,红腹角雉,无法区分,亚成体,,,,,,,,,,,,,,,
187,红腹角雉幼体,红腹角雉,无法区分,幼体,,,,,,,,,,,,,,,
188,红腹角雉,红腹角雉,无法区分,无法区分,,,,,,,,,,,,,,,
189,白鹇雄性成体,白鹇,雄性,成体,,,,,,,,,,,,,,,
190,白鹇雌性成体,白鹇,雌性,无法区分,,,,,,,,,,,,,,,
191,白鹇成体,白鹇,无法区分,成体,,,,,,,,,,,,,,,
192,白鹇雄性亚成体,白鹇,雄性,亚成体,,,,,,,,,,,,,,,
193,白鹇雌性亚成体,白鹇,雌性,亚成体,,,,,,,,,,,,,,,
194,白鹇亚成体,白鹇,无法区分,亚成体,,,,,,,,,,,,,,,
195,白鹇幼体,白鹇,无法区分,幼体,,,,,,,,,,,,,,,
196,白鹇,白鹇,无法区分,无法区分,,,,,,,,,,,,,,,
197,勺鸡雄性成体,勺鸡,雄性,成体,,,,,,,,,,,,,,,
198,勺鸡雌性成体,勺鸡,雌性,成体,,,,,,,,,,,,,,,
199,勺鸡成体,勺鸡,无法区分,成体,,,,,,,,,,,,,,,
200,勺鸡雄性亚成体,勺鸡,雄性,亚成体,,,,,,,,,,,,,,,
201,勺鸡雌性亚成体,勺鸡,雌性,亚成体,,,,,,,,,,,,,,,
202,勺鸡亚成体,勺鸡,无法区分,亚成体,,,,,,,,,,,,,,,
203,勺鸡幼体,勺鸡,无法区分,幼体,,,,,,,,,,,,,,,
204,勺鸡,勺鸡,无法区分,无法区分,,,,,,,,,,,,,,,
205,白马鸡雄性成体,白马鸡,雄性,成体,,,,,,,,,,,,,,,
206,白马鸡雌性成体,白马鸡,雌性,成体,,,,,,,,,,,,,,,
207,白马鸡成体,白马鸡,无法区分,成体,,,,,,,,,,,,,,,
208,白马鸡雄性亚成体,白马鸡,雄性,亚成体,,,,,,,,,,,,,,,
209,白马鸡雌性亚成体,白马鸡,雌性,亚成体,,,,,,,,,,,,,,,
210,白马鸡亚成体,白马鸡,无法区分,亚成体,,,,,,,,,,,,,,,
211,白马鸡幼体,白马鸡,无法区分,幼体,,,,,,,,,,,,,,,
212,白马鸡,白马鸡,无法区分,无法区分,,,,,,,,,,,,,,,
213,血雉雄性成体,血雉,雄性,成体,,,,,,,,,,,,,,,
214,血雉雌性成体,血雉,雌性,成体,,,,,,,,,,,,,,,
215,血雉成体,血雉,无法区分,成体,,,,,,,,,,,,,,,
216,血雉雄性亚成体,血雉,雄性,亚成体,,,,,,,,,,,,,,,
217,血雉雌性亚成体,血雉,雌性,亚成体,,,,,,,,,,,,,,,
218,血雉亚成体,血雉,无法区分,亚成体,,,,,,,,,,,,,,,
219,血雉幼体,血雉,无法区分,幼体,,,,,,,,,,,,,,,
220,血雉,血雉,无法区分,无法区分,,,,,,,,,,,,,,,
221,白冠长尾雉雄性成体,白冠长尾雉,雄性,成体,,,,,,,,,,,,,,,
222,白冠长尾雉雌性成体,白冠长尾雉,雌性,成体,,,,,,,,,,,,,,,
223,白冠长尾雉成体,白冠长尾雉,无法区分,成体,,,,,,,,,,,,,,,
224,白冠长尾雉雄性亚成体,白冠长尾雉,雄性,亚成体,,,,,,,,,,,,,,,
225,白冠长尾雉雌性亚成体,白冠长尾雉,雌性,亚成体,,,,,,,,,,,,,,,
226,白冠长尾雉亚成体,白冠长尾雉,无法区分,亚成体,,,,,,,,,,,,,,,
227,白冠长尾雉幼体,白冠长尾雉,无法区分,幼体,,,,,,,,,,,,,,,
228,白冠长尾雉,白冠长尾雉,无法区分,无法区分,,,,,,,,,,,,,,,
229,川金丝猴雄性成体,川金丝猴,雄性,成体,,,,,,,,,,,,,,,
230,川金丝猴雌性成体,川金丝猴,雌性,成体,,,,,,,,,,,,,,,
231,川金丝猴成体,川金丝猴,无法区分,成体,,,,,,,,,,,,,,,
232,川金丝猴雄性亚成体,川金丝猴,雄性,亚成体,,,,,,,,,,,,,,,
233,川金丝猴雌性亚成体,川金丝猴,雌性,亚成体,,,,,,,,,,,,,,,
234,川金丝猴亚成体,川金丝猴,无法区分,亚成体,,,,,,,,,,,,,,,
235,川金丝猴幼体,川金丝猴,无法区分,幼体,,,,,,,,,,,,,,,
236,川金丝猴,川金丝猴,无法区分,无法区分,,,,,,,,,,,,,,,
237,猕猴雄性成体,猕猴,雄性,成体,,,,,,,,,,,,,,,
238,猕猴雌性成体,猕猴,雌性,成体,,,,,,,,,,,,,,,
239,猕猴成体,猕猴,无法区分,成体,,,,,,,,,,,,,,,
240,猕猴雄性亚成体,猕猴,雄性,亚成体,,,,,,,,,,,,,,,
241,猕猴雌性亚成体,猕猴,雌性,亚成体,,,,,,,,,,,,,,,
242,猕猴亚成体,猕猴,无法区分,亚成体,,,,,,,,,,,,,,,
243,猕猴幼体,猕猴,无法区分,幼体,,,,,,,,,,,,,,,
244,猕猴,猕猴,无法区分,无法区分,,,,,,,,,,,,,,,
245,藏酋猴雄性成体,藏酋猴,雄性,成体,,,,,,,,,,,,,,,
246,藏酋猴雌性成体,藏酋猴,雌性,成体,,,,,,,,,,,,,,,
247,藏酋猴成体,藏酋猴,无法区分,成体,,,,,,,,,,,,,,,
248,藏酋猴雄性亚成体,藏酋猴,雄性,亚成体,,,,,,,,,,,,,,,
249,藏酋猴雌性亚成体,藏酋猴,雌性,亚成体,,,,,,,,,,,,,,,
250,藏酋猴亚成体,藏酋猴,无法区分,亚成体,,,,,,,,,,,,,,,
251,藏酋猴幼体,藏酋猴,无法区分,幼体,,,,,,,,,,,,,,,
252,藏酋猴,藏酋猴,无法区分,无法区分,,,,,,,,,,,,,,,
253,熊猴雄性成体,熊猴,雄性,成体,,,,,,,,,,,,,,,
254,熊猴雌性成体,熊猴,雌性,成体,,,,,,,,,,,,,,,
255,熊猴成体,熊猴,无法区分,成体,,,,,,,,,,,,,,,
256,熊猴雄性亚成体,熊猴,雄性,亚成体,,,,,,,,,,,,,,,
257,熊猴雌性亚成体,熊猴,雌性,亚成体,,,,,,,,,,,,,,,
258,熊猴亚成体,熊猴,无法区分,亚成体,,,,,,,,,,,,,,,
259,熊猴幼体,熊猴,无法区分,幼体,,,,,,,,,,,,,,,
260,熊猴,熊猴,无法区分,无法区分,,,,,,,,,,,,,,,
261,黑叶猴雄性成体,黑叶猴,雄性,成体,,,,,,,,,,,,,,,
262,黑叶猴雌性成体,黑叶猴,雌性,成体,,,,,,,,,,,,,,,
263,黑叶猴成体,黑叶猴,无法区分,成体,,,,,,,,,,,,,,,
264,黑叶猴雄性亚成体,黑叶猴,雄性,亚成体,,,,,,,,,,,,,,,
265,黑叶猴雌性亚成体,黑叶猴,雌性,亚成体,,,,,,,,,,,,,,,
266,黑叶猴亚成体,黑叶猴,无法区分,亚成体,,,,,,,,,,,,,,,
267,黑叶猴幼体,黑叶猴,无法区分,幼体,,,,,,,,,,,,,,,
268,黑叶猴,黑叶猴,无法区分,无法区分,,,,,,,,,,,,,,,
269,白头叶猴雄性成体,白头叶猴,雄性,成体,,,,,,,,,,,,,,,
270,白头叶猴雌性成体,白头叶猴,雌性,成体,,,,,,,,,,,,,,,
271,白头叶猴成体,白头叶猴,无法区分,成体,,,,,,,,,,,,,,,
272,白头叶猴雄性亚成体,白头叶猴,雄性,亚成体,,,,,,,,,,,,,,,
273,白头叶猴雌性亚成体,白头叶猴,雌性,亚成体,,,,,,,,,,,,,,,
274,白头叶猴亚成体,白头叶猴,无法区分,亚成体,,,,,,,,,,,,,,,
275,白头叶猴幼体,白头叶猴,无法区分,幼体,,,,,,,,,,,,,,,
276,白头叶猴,白头叶猴,无法区分,无法区分,,,,,,,,,,,,,,,
277,灰叶猴雄性成体,灰叶猴,雄性,成体,,,,,,,,,,,,,,,
278,灰叶猴雌性成体,灰叶猴,雌性,成体,,,,,,,,,,,,,,,
279,灰叶猴成体,灰叶猴,无法区分,成体,,,,,,,,,,,,,,,
280,灰叶猴雄性亚成体,灰叶猴,雄性,亚成体,,,,,,,,,,,,,,,
281,灰叶猴雌性亚成体,灰叶猴,雌性,亚成体,,,,,,,,,,,,,,,
282,灰叶猴亚成体,灰叶猴,无法区分,亚成体,,,,,,,,,,,,,,,
283,灰叶猴幼体,灰叶猴,无法区分,幼体,,,,,,,,,,,,,,,
284,灰叶猴,灰叶猴,无法区分,无法区分,,,,,,,,,,,,,,,
285,小麂雄性成体,小麂,雄性,成体,,,,,,,,,,,,,,,
286,小麂雌性成体,小麂,雌性,成体,,,,,,,,,,,,,,,
287,小麂成体,小麂,无法区分,成体,,,,,,,,,,,,,,,
288,小麂雄性亚成体,小麂,雄性,亚成体,,,,,,,,,,,,,,,
289,小麂雌性亚成体,小麂,雌性,亚成体,,,,,,,,,,,,,,,
290,小麂亚成体,小麂,无法区分,亚成体,,,,,,,,,,,,,,,
291,小麂幼体,小麂,无法区分,幼体,,,,,,,,,,,,,,,
292,小麂,小麂,无法区分,无法区分,,,,,,,,,,,,,,,
293,赤麂雄性成体,赤麂,雄性,成体,,,,,,,,,,,,,,,
294,赤麂雌性成体,赤麂,雌性,成体,,,,,,,,,,,,,,,
295,赤麂成体,赤麂,无法区分,成体,,,,,,,,,,,,,,,
296,赤麂雄性亚成体,赤麂,雄性,亚成体,,,,,,,,,,,,,,,
297,赤麂雌性亚成体,赤麂,雌性,亚成体,,,,,,,,,,,,,,,
298,赤麂亚成体,赤麂,无法区分,亚成体,,,,,,,,,,,,,,,
299,赤麂幼体,赤麂,无法区分,幼体,,,,,,,,,,,,,,,
300,赤麂,赤麂,无法区分,无法区分,,,,,,,,,,,,,,,
301,狍雄性成体,狍,雄性,成体,,,,,,,,,,,,,,,
302,狍雌性成体,狍,雌性,成体,,,,,,,,,,,,,,,
303,狍成体,狍,无法区分,成体,,,,,,,,,,,,,,,
304,狍雄性亚成体,狍,雄性,亚成体,,,,,,,,,,,,,,,
305,狍雌性亚成体,狍,雌性,亚成体,,,,,,,,,,,,,,,
306,狍亚成体,狍,无法区分,亚成体,,,,,,,,,,,,,,,
307,狍幼体,狍,无法区分,幼体,,,,,,,,,,,,,,,
308,狍,狍,无法区分,无法区分,,,,,,,,,,,,,,,
309,林麝雄性成体,林麝,雄性,成体,,,,,,,,,,,,,,,
310,林麝雌性成体,林麝,雌性,成体,,,,,,,,,,,,,,,
311,林麝成体,林麝,无法区分,成体,,,,,,,,,,,,,,,
312,林麝雄性亚成体,林麝,雄性,亚成体,,,,,,,,,,,,,,,
313,林麝雌性亚成体,林麝,雌性,亚成体,,,,,,,,,,,,,,,
314,林麝亚成体,林麝,无法区分,亚成体,,,,,,,,,,,,,,,
315,林麝幼体,林麝,无法区分,幼体,,,,,,,,,,,,,,,
316,林麝,林麝,无法区分,无法区分,,,,,,,,,,,,,,,
317,原麝雄性成体,原麝,雄性,成体,,,,,,,,,,,,,,,
318,原麝雌性成体,原麝,雌性,成体,,,,,,,,,,,,,,,
319,原麝成体,原麝,无法区分,成体,,,,,,,,,,,,,,,
320,原麝雄性亚成体,原麝,雄性,亚成体,,,,,,,,,,,,,,,
321,原麝雌性亚成体,原麝,雌性,亚成体,,,,,,,,,,,,,,,
322,原麝亚成体,原麝,无法区分,亚成体,,,,,,,,,,,,,,,
323,原麝幼体,原麝,无法区分,幼体,,,,,,,,,,,,,,,
324,原麝,原麝,无法区分,无法区分,,,,,,,,,,,,,,,
325,松鸦雄性成体,松鸦,雄性,成体,,,,,,,,,,,,,,,
326,松鸦雌性成体,松鸦,雌性,成体,,,,,,,,,,,,,,,
327,松鸦成体,松鸦,无法区分,成体,,,,,,,,,,,,,,,
328,松鸦雄性亚成体,松鸦,雄性,亚成体,,,,,,,,,,,,,,,
329,松鸦雌性亚成体,松鸦,雌性,亚成体,,,,,,,,,,,,,,,
330,松鸦亚成体,松鸦,无法区分,亚成体,,,,,,,,,,,,,,,
331,松鸦幼体,松鸦,无法区分,幼体,,,,,,,,,,,,,,,
332,松鸦,松鸦,无法区分,无法区分,,,,,,,,,,,,,,,
333,红嘴蓝鹊雄性成体,红嘴蓝鹊,雄性,成体,,,,,,,,,,,,,,,
334,红嘴蓝鹊雌性成体,红嘴蓝鹊,雌性,成体,,,,,,,,,,,,,,,
335,红嘴蓝鹊成体,红嘴蓝鹊,无法区分,成体,,,,,,,,,,,,,,,
336,红嘴蓝鹊雄性亚成体,红嘴蓝鹊,雄性,亚成体,,,,,,,,,,,,,,,
337,红嘴蓝鹊雌性亚成体,红嘴蓝鹊,雌性,亚成体,,,,,,,,,,,,,,,
338,红嘴蓝鹊亚成体,红嘴蓝鹊,无法区分,亚成体,,,,,,,,,,,,,,,
339,红嘴蓝鹊幼体,红嘴蓝鹊,无法区分,幼体,,,,,,,,,,,,,,,
340,红嘴蓝鹊,红嘴蓝鹊,无法区分,无法区分,,,,,,,,,,,,,,,
341,黑领噪鹛雄性成体,黑领噪鹛,雄性,成体,,,,,,,,,,,,,,,
342,黑领噪鹛雌性成体,黑领噪鹛,雌性,成体,,,,,,,,,,,,,,,
343,黑领噪鹛成体,黑领噪鹛,无法区分,成体,,,,,,,,,,,,,,,
344,黑领噪鹛雄性亚成体,黑领噪鹛,雄性,亚成体,,,,,,,,,,,,,,,
345,黑领噪鹛雌性亚成体,黑领噪鹛,雌性,亚成体,,,,,,,,,,,,,,,
346,黑领噪鹛亚成体,黑领噪鹛,无法区分,亚成体,,,,,,,,,,,,,,,
347,黑领噪鹛幼体,黑领噪鹛,无法区分,幼体,,,,,,,,,,,,,,,
348,黑领噪鹛,黑领噪鹛,无法区分,无法区分,,,,,,,,,,,,,,,
349,白颊噪鹛雄性成体,白颊噪鹛,雄性,成体,,,,,,,,,,,,,,,
350,白颊噪鹛雌性成体,白颊噪鹛,雌性,成体,,,,,,,,,,,,,,,
351,白颊噪鹛成体,白颊噪鹛,无法区分,成体,,,,,,,,,,,,,,,
352,白颊噪鹛雄性亚成体,白颊噪鹛,雄性,亚成体,,,,,,,,,,,,,,,
353,白颊噪鹛雌性亚成体,白颊噪鹛,雌性,亚成体,,,,,,,,,,,,,,,
354,白颊噪鹛亚成体,白颊噪鹛,无法区分,亚成体,,,,,,,,,,,,,,,
355,白颊噪鹛幼体,白颊噪鹛,无法区分,幼体,,,,,,,,,,,,,,,
356,白颊噪鹛,白颊噪鹛,无法区分,无法区分,,,,,,,,,,,,,,,
357,黑颊噪鹛雄性成体,黑颊噪鹛,雄性,成体,,,,,,,,,,,,,,,
358,黑颊噪鹛雌性成体,黑颊噪鹛,雌性,成体,,,,,,,,,,,,,,,
359,黑颊噪鹛成体,黑颊噪鹛,无法区分,成体,,,,,,,,,,,,,,,
360,黑颊噪鹛雄性亚成体,黑颊噪鹛,雄性,亚成体,,,,,,,,,,,,,,,
361,黑颊噪鹛雌性亚成体,黑颊噪鹛,雌性,亚成体,,,,,,,,,,,,,,,
362,黑颊噪鹛亚成体,黑颊噪鹛,无法区分,亚成体,,,,,,,,,,,,,,,
363,黑颊噪鹛幼体,黑颊噪鹛,无法区分,幼体,,,,,,,,,,,,,,,
364,黑颊噪鹛,黑颊噪鹛,无法区分,无法区分,,,,,,,,,,,,,,,
365,栗颊噪鹛雄性成体,栗颊噪鹛,雄性,成体,,,,,,,,,,,,,,,
366,栗颊噪鹛雌性成体,栗颊噪鹛,雌性,成体,,,,,,,,,,,,,,,
367,栗颊噪鹛成体,栗颊噪鹛,无法区分,成体,,,,,,,,,,,,,,,
368,栗颊噪鹛雄性亚成体,栗颊噪鹛,雄性,亚成体,,,,,,,,,,,,,,,
369,栗颊噪鹛雌性亚成体,栗颊噪鹛,雌性,亚成体,,,,,,,,,,,,,,,
370,栗颊噪鹛亚成体,栗颊噪鹛,无法区分,亚成体,,,,,,,,,,,,,,,
371,栗颊噪鹛幼体,栗颊噪鹛,无法区分,幼体,,,,,,,,,,,,,,,
372,栗颊噪鹛,栗颊噪鹛,无法区分,无法区分,,,,,,,,,,,,,,,
373,宝兴歌鸫雄性成体,宝兴歌鸫,雄性,成体,,,,,,,,,,,,,,,
374,宝兴歌鸫雌性成体,宝兴歌鸫,雌性,成体,,,,,,,,,,,,,,,
375,宝兴歌鸫成体,宝兴歌鸫,无法区分,成体,,,,,,,,,,,,,,,
376,宝兴歌鸫雄性亚成体,宝兴歌鸫,雄性,亚成体,,,,,,,,,,,,,,,
377,宝兴歌鸫雌性亚成体,宝兴歌鸫,雌性,亚成体,,,,,,,,,,,,,,,
378,宝兴歌鸫亚成体,宝兴歌鸫,无法区分,亚成体,,,,,,,,,,,,,,,
379,宝兴歌鸫幼体,宝兴歌鸫,无法区分,幼体,,,,,,,,,,,,,,,
380,宝兴歌鸫,宝兴歌鸫,无法区分,无法区分,,,,,,,,,,,,,,,
381,灰头鸫雄性成体,灰头鸫,雄性,成体,,,,,,,,,,,,,,,
382,灰头鸫雌性成体,灰头鸫,雌性,成体,,,,,,,,,,,,,,,
383,灰头鸫成体,灰头鸫,无法区分,成体,,,,,,,,,,,,,,,
384,灰头鸫雄性亚成体,灰头鸫,雄性,亚成体,,,,,,,,,,,,,,,
385,灰头鸫雌性亚成体,灰头鸫,雌性,亚成体,,,,,,,,,,,,,,,
386,灰头鸫亚成体,灰头鸫,无法区分,亚成体,,,,,,,,,,,,,,,
387,灰头鸫幼体,灰头鸫,无法区分,幼体,,,,,,,,,,,,,,,
388,灰头鸫,灰头鸫,无法区分,无法区分,,,,,,,,,,,,,,,
389,橙头地鸫雄性成体,橙头地鸫,雄性,成体,,,,,,,,,,,,,,,
390,橙头地鸫雌性成体,橙头地鸫,雌性,成体,,,,,,,,,,,,,,,
391,橙头地鸫成体,橙头地鸫,无法区分,成体,,,,,,,,,,,,,,,
392,橙头地鸫雄性亚成体,橙头地鸫,雄性,亚成体,,,,,,,,,,,,,,,
393,橙头地鸫雌性亚成体,橙头地鸫,雌性,亚成体,,,,,,,,,,,,,,,
394,橙头地鸫亚成体,橙头地鸫,无法区分,亚成体,,,,,,,,,,,,,,,
395,橙头地鸫幼体,橙头地鸫,无法区分,幼体,,,,,,,,,,,,,,,
396,橙头地鸫,橙头地鸫,无法区分,无法区分,,,,,,,,,,,,,,,
397,虎斑地鸫雄性成体,虎斑地鸫,雄性,成体,,,,,,,,,,,,,,,
398,虎斑地鸫雌性成体,虎斑地鸫,雌性,成体,,,,,,,,,,,,,,,
399,虎斑地鸫成体,虎斑地鸫,无法区分,成体,,,,,,,,,,,,,,,
400,虎斑地鸫雄性亚成体,虎斑地鸫,雄性,亚成体,,,,,,,,,,,,,,,
401,虎斑地鸫雌性亚成体,虎斑地鸫,雌性,亚成体,,,,,,,,,,,,,,,
402,虎斑地鸫亚成体,虎斑地鸫,无法区分,亚成体,,,,,,,,,,,,,,,
403,虎斑地鸫幼体,虎斑地鸫,无法区分,幼体,,,,,,,,,,,,,,,
404,虎斑地鸫,虎斑地鸫,无法区分,无法区分,,,,,,,,,,,,,,,
405,山斑鸠雄性成体,山斑鸠,雄性,成体,,,,,,,,,,,,,,,
406,山斑鸠雌性成体,山斑鸠,雌性,成体,,,,,,,,,,,,,,,
407,山斑鸠成体,山斑鸠,无法区分,成体,,,,,,,,,,,,,,,
408,山斑鸠雄性亚成体,山斑鸠,雄性,亚成体,,,,,,,,,,,,,,,
409,山斑鸠雌性亚成体,山斑鸠,雌性,亚成体,,,,,,,,,,,,,,,
410,山斑鸠亚成体,山斑鸠,无法区分,亚成体,,,,,,,,,,,,,,,
411,山斑鸠幼体,山斑鸠,无法区分,幼体,,,,,,,,,,,,,,,
412,山斑鸠,山斑鸠,无法区分,无法区分,,,,,,,,,,,,,,,
413,灰翅鸫雄性成体,灰翅鸫,雄性,成体,,,,,,,,,,,,,,,
414,灰翅鸫雌性成体,灰翅鸫,雌性,成体,,,,,,,,,,,,,,,
415,灰翅鸫成体,灰翅鸫,无法区分,成体,,,,,,,,,,,,,,,
416,灰翅鸫雄性亚成体,灰翅鸫,雄性,亚成体,,,,,,,,,,,,,,,
417,灰翅鸫雌性亚成体,灰翅鸫,雌性,亚成体,,,,,,,,,,,,,,,
418,灰翅鸫亚成体,灰翅鸫,无法区分,亚成体,,,,,,,,,,,,,,,
419,灰翅鸫幼体,灰翅鸫,无法区分,幼体,,,,,,,,,,,,,,,
420,灰翅鸫,灰翅鸫,无法区分,无法区分,,,,,,,,,,,,,,,
421,小嘴乌鸦雄性成体,小嘴乌鸦,雄性,成体,,,,,,,,,,,,,,,
422,小嘴乌鸦雌性成体,小嘴乌鸦,雌性,成体,,,,,,,,,,,,,,,
423,小嘴乌鸦成体,小嘴乌鸦,无法区分,成体,,,,,,,,,,,,,,,
424,小嘴乌鸦雄性亚成体,小嘴乌鸦,雄性,亚成体,,,,,,,,,,,,,,,
425,小嘴乌鸦雌性亚成体,小嘴乌鸦,雌性,亚成体,,,,,,,,,,,,,,,
426,小嘴乌鸦亚成体,小嘴乌鸦,无法区分,亚成体,,,,,,,,,,,,,,,
427,小嘴乌鸦幼体,小嘴乌鸦,无法区分,幼体,,,,,,,,,,,,,,,
428,小嘴乌鸦,小嘴乌鸦,无法区分,无法区分,,,,,,,,,,,,,,,
429,斑鸫雄性成体,斑鸫,雄性,成体,,,,,,,,,,,,,,,
430,斑鸫雌性成体,斑鸫,雌性,成体,,,,,,,,,,,,,,,
431,斑鸫成体,斑鸫,无法区分,成体,,,,,,,,,,,,,,,
432,斑鸫雄性亚成体,斑鸫,雄性,亚成体,,,,,,,,,,,,,,,
433,斑鸫雌性亚成体,斑鸫,雌性,亚成体,,,,,,,,,,,,,,,
434,斑鸫亚成体,斑鸫,无法区分,亚成体,,,,,,,,,,,,,,,
435,斑鸫幼体,斑鸫,无法区分,幼体,,,,,,,,,,,,,,,
436,斑鸫,斑鸫,无法区分,无法区分,,,,,,,,,,,,,,,
437,狗獾雄性成体,狗獾,雄性,成体,,,,,,,,,,,,,,,
438,狗獾雌性成体,狗獾,雌性,成体,,,,,,,,,,,,,,,
439,狗獾成体,狗獾,无法区分,成体,,,,,,,,,,,,,,,
440,狗獾雄性亚成体,狗獾,雄性,亚成体,,,,,,,,,,,,,,,
441,狗獾雌性亚成体,狗獾,雌性,亚成体,,,,,,,,,,,,,,,
442,狗獾亚成体,狗獾,无法区分,亚成体,,,,,,,,,,,,,,,
443,狗獾幼体,狗獾,无法区分,幼体,,,,,,,,,,,,,,,
444,狗獾,狗獾,无法区分,无法区分,,,,,,,,,,,,,,,
445,华南兔雄性成体,华南兔,雄性,成体,,,,,,,,,,,,,,,
446,华南兔雌性成体,华南兔,雌性,成体,,,,,,,,,,,,,,,
447,华南兔成体,华南兔,无法区分,成体,,,,,,,,,,,,,,,
448,华南兔雄性亚成体,华南兔,雄性,亚成体,,,,,,,,,,,,,,,
449,华南兔雌性亚成体,华南兔,雌性,亚成体,,,,,,,,,,,,,,,
450,华南兔亚成体,华南兔,无法区分,亚成体,,,,,,,,,,,,,,,
451,华南兔幼体,华南兔,无法区分,幼体,,,,,,,,,,,,,,,
452,华南兔,华南兔,无法区分,无法区分,,,,,,,,,,,,,,,
453,椰子狸雄性成体,椰子狸,雄性,成体,,,,,,,,,,,,,,,
454,椰子狸雌性成体,椰子狸,雌性,成体,,,,,,,,,,,,,,,
455,椰子狸成体,椰子狸,无法区分,成体,,,,,,,,,,,,,,,
456,椰子狸雄性亚成体,椰子狸,雄性,亚成体,,,,,,,,,,,,,,,
457,椰子狸雌性亚成体,椰子狸,雌性,亚成体,,,,,,,,,,,,,,,
458,椰子狸亚成体,椰子狸,无法区分,亚成体,,,,,,,,,,,,,,,
459,椰子狸幼体,椰子狸,无法区分,幼体,,,,,,,,,,,,,,,
460,椰子狸,椰子狸,无法区分,无法区分,,,,,,,,,,,,,,,
461,刺猬雄性成体,刺猬,雄性,成体,,,,,,,,,,,,,,,
462,刺猬雌性成体,刺猬,雌性,成体,,,,,,,,,,,,,,,
463,刺猬成体,刺猬,无法区分,成体,,,,,,,,,,,,,,,
464,刺猬雄性亚成体,刺猬,雄性,亚成体,,,,,,,,,,,,,,,
465,刺猬雌性亚成体,刺猬,雌性,亚成体,,,,,,,,,,,,,,,
466,刺猬亚成体,刺猬,无法区分,亚成体,,,,,,,,,,,,,,,
467,刺猬幼体,刺猬,无法区分,幼体,,,,,,,,,,,,,,,
468,刺猬,刺猬,无法区分,无法区分,,,,,,,,,,,,,,,
469,北树鼩雄性成体,北树鼩,雄性,成体,,,,,,,,,,,,,,,
470,北树鼩雌性成体,北树鼩,雌性,成体,,,,,,,,,,,,,,,
471,北树鼩成体,北树鼩,无法区分,成体,,,,,,,,,,,,,,,
472,北树鼩雄性亚成体,北树鼩,雄性,亚成体,,,,,,,,,,,,,,,
473,北树鼩雌性亚成体,北树鼩,雌性,亚成体,,,,,,,,,,,,,,,
474,北树鼩亚成体,北树鼩,无法区分,亚成体,,,,,,,,,,,,,,,
475,北树鼩幼体,北树鼩,无法区分,幼体,,,,,,,,,,,,,,,
476,北树鼩,北树鼩,无法区分,无法区分,,,,,,,,,,,,,,,
477,海南山鹧鸪雄性成体,海南山鹧鸪,雄性,成体,,,,,,,,,,,,,,,
478,海南山鹧鸪雌性成体,海南山鹧鸪,雌性,成体,,,,,,,,,,,,,,,
479,海南山鹧鸪成体,海南山鹧鸪,无法区分,成体,,,,,,,,,,,,,,,
480,海南山鹧鸪雄性亚成体,海南山鹧鸪,雄性,亚成体,,,,,,,,,,,,,,,
481,海南山鹧鸪雌性亚成体,海南山鹧鸪,雌性,亚成体,,,,,,,,,,,,,,,
482,海南山鹧鸪亚成体,海南山鹧鸪,无法区分,亚成体,,,,,,,,,,,,,,,
483,海南山鹧鸪幼体,海南山鹧鸪,无法区分,幼体,,,,,,,,,,,,,,,
484,海南山鹧鸪,海南山鹧鸪,无法区分,无法区分,,,,,,,,,,,,,,,
485,高原兔雄性成体,高原兔,雄性,成体,,,,,,,,,,,,,,,
486,高原兔雌性成体,高原兔,雌性,成体,,,,,,,,,,,,,,,
487,高原兔成体,高原兔,无法区分,成体,,,,,,,,,,,,,,,
488,高原兔雄性亚成体,高原兔,雄性,亚成体,,,,,,,,,,,,,,,
489,高原兔雌性亚成体,高原兔,雌性,亚成体,,,,,,,,,,,,,,,
490,高原兔亚成体,高原兔,无法区分,亚成体,,,,,,,,,,,,,,,
491,高原兔幼体,高原兔,无法区分,幼体,,,,,,,,,,,,,,,
492,高原兔,高原兔,无法区分,无法区分,,,,,,,,,,,,,,,
493,红尾歌鸲雄性成体,红尾歌鸲,雄性,成体,,,,,,,,,,,,,,,
494,红尾歌鸲雌性成体,红尾歌鸲,雌性,成体,,,,,,,,,,,,,,,
495,红尾歌鸲成体,红尾歌鸲,无法区分,成体,,,,,,,,,,,,,,,
496,红尾歌鸲雄性亚成体,红尾歌鸲,雄性,亚成体,,,,,,,,,,,,,,,
497,红尾歌鸲雌性亚成体,红尾歌鸲,雌性,亚成体,,,,,,,,,,,,,,,
498,红尾歌鸲亚成体,红尾歌鸲,无法区分,亚成体,,,,,,,,,,,,,,,
499,红尾歌鸲幼体,红尾歌鸲,无法区分,幼体,,,,,,,,,,,,,,,
500,红尾歌鸲,红尾歌鸲,无法区分,无法区分,,,,,,,,,,,,,,,
501,马鹿雄性成体,马鹿,雄性,成体,,,,,,,,,,,,,,,
502,马鹿雌性成体,马鹿,雌性,成体,,,,,,,,,,,,,,,
503,马鹿成体,马鹿,无法区分,成体,,,,,,,,,,,,,,,
504,马鹿雄性亚成体,马鹿,雄性,亚成体,,,,,,,,,,,,,,,
505,马鹿雌性亚成体,马鹿,雌性,亚成体,,,,,,,,,,,,,,,
506,马鹿亚成体,马鹿,无法区分,亚成体,,,,,,,,,,,,,,,
507,马鹿幼体,马鹿,无法区分,幼体,,,,,,,,,,,,,,,
508,马鹿,马鹿,无法区分,无法区分,,,,,,,,,,,,,,,
509,黄鼬雄性成体,黄鼬,雄性,成体,,,,,,,,,,,,,,,
510,黄鼬雌性成体,黄鼬,雌性,成体,,,,,,,,,,,,,,,
511,黄鼬成体,黄鼬,无法区分,成体,,,,,,,,,,,,,,,
512,黄鼬雄性亚成体,黄鼬,雄性,亚成体,,,,,,,,,,,,,,,
513,黄鼬雌性亚成体,黄鼬,雌性,亚成体,,,,,,,,,,,,,,,
514,黄鼬亚成体,黄鼬,无法区分,亚成体,,,,,,,,,,,,,,,
515,黄鼬幼体,黄鼬,无法区分,幼体,,,,,,,,,,,,,,,
516,黄鼬,黄鼬,无法区分,无法区分,,,,,,,,,,,,,,,
517,画眉雄性成体,画眉,雄性,成体,,,,,,,,,,,,,,,
518,画眉雌性成体,画眉,雌性,成体,,,,,,,,,,,,,,,
519,画眉成体,画眉,无法区分,成体,,,,,,,,,,,,,,,
520,画眉雄性亚成体,画眉,雄性,亚成体,,,,,,,,,,,,,,,
521,画眉雌性亚成体,画眉,雌性,亚成体,,,,,,,,,,,,,,,
522,画眉亚成体,画眉,无法区分,亚成体,,,,,,,,,,,,,,,
523,画眉幼体,画眉,无法区分,幼体,,,,,,,,,,,,,,,
524,画眉,画眉,无法区分,无法区分,,,,,,,,,,,,,,,
525,北豚尾猴雄性成体,北豚尾猴,雄性,成体,,,,,,,,,,,,,,,
526,北豚尾猴雌性成体,北豚尾猴,雌性,成体,,,,,,,,,,,,,,,
527,北豚尾猴成体,北豚尾猴,无法区分,成体,,,,,,,,,,,,,,,
528,北豚尾猴雄性亚成体,北豚尾猴,雄性,亚成体,,,,,,,,,,,,,,,
529,北豚尾猴雌性亚成体,北豚尾猴,雌性,亚成体,,,,,,,,,,,,,,,
530,北豚尾猴亚成体,北豚尾猴,无法区分,亚成体,,,,,,,,,,,,,,,
531,北豚尾猴幼体,北豚尾猴,无法区分,幼体,,,,,,,,,,,,,,,
532,北豚尾猴,北豚尾猴,无法区分,无法区分,,,,,,,,,,,,,,,
533,红嘴相思鸟雄性成体,红嘴相思鸟,雄性,成体,,,,,,,,,,,,,,,
534,红嘴相思鸟雌性成体,红嘴相思鸟,雌性,成体,,,,,,,,,,,,,,,
535,红嘴相思鸟成体,红嘴相思鸟,无法区分,成体,,,,,,,,,,,,,,,
536,红嘴相思鸟雄性亚成体,红嘴相思鸟,雄性,亚成体,,,,,,,,,,,,,,,
537,红嘴相思鸟雌性亚成体,红嘴相思鸟,雌性,亚成体,,,,,,,,,,,,,,,
538,红嘴相思鸟亚成体,红嘴相思鸟,无法区分,亚成体,,,,,,,,,,,,,,,
539,红嘴相思鸟幼体,红嘴相思鸟,无法区分,幼体,,,,,,,,,,,,,,,
540,红嘴相思鸟,红嘴相思鸟,无法区分,无法区分,,,,,,,,,,,,,,,
541,红白鼯鼠雄性成体,红白鼯鼠,雄性,成体,,,,,,,,,,,,,,,
542,红白鼯鼠雌性成体,红白鼯鼠,雌性,成体,,,,,,,,,,,,,,,
543,红白鼯鼠成体,红白鼯鼠,无法区分,成体,,,,,,,,,,,,,,,
544,红白鼯鼠雄性亚成体,红白鼯鼠,雄性,亚成体,,,,,,,,,,,,,,,
545,红白鼯鼠雌性亚成体,红白鼯鼠,雌性,亚成体,,,,,,,,,,,,,,,
546,红白鼯鼠亚成体,红白鼯鼠,无法区分,亚成体,,,,,,,,,,,,,,,
547,红白鼯鼠幼体,红白鼯鼠,无法区分,幼体,,,,,,,,,,,,,,,
548,红白鼯鼠,红白鼯鼠,无法区分,无法区分,,,,,,,,,,,,,,,
549,灰眶雀鹛雄性成体,灰眶雀鹛,雄性,成体,,,,,,,,,,,,,,,
550,灰眶雀鹛雌性成体,灰眶雀鹛,雌性,成体,,,,,,,,,,,,,,,
551,灰眶雀鹛成体,灰眶雀鹛,无法区分,成体,,,,,,,,,,,,,,,
552,灰眶雀鹛雄性亚成体,灰眶雀鹛,雄性,亚成体,,,,,,,,,,,,,,,
553,灰眶雀鹛雌性亚成体,灰眶雀鹛,雌性,亚成体,,,,,,,,,,,,,,,
554,灰眶雀鹛亚成体,灰眶雀鹛,无法区分,亚成体,,,,,,,,,,,,,,,
555,灰眶雀鹛幼体,灰眶雀鹛,无法区分,幼体,,,,,,,,,,,,,,,
556,灰眶雀鹛,灰眶雀鹛,无法区分,无法区分,,,,,,,,,,,,,,,
557,棕颈钩嘴鹛雄性成体,棕颈钩嘴鹛,雄性,成体,,,,,,,,,,,,,,,
558,棕颈钩嘴鹛雌性成体,棕颈钩嘴鹛,雌性,成体,,,,,,,,,,,,,,,
559,棕颈钩嘴鹛成体,棕颈钩嘴鹛,无法区分,成体,,,,,,,,,,,,,,,
560,棕颈钩嘴鹛雄性亚成体,棕颈钩嘴鹛,雄性,亚成体,,,,,,,,,,,,,,,
561,棕颈钩嘴鹛雌性亚成体,棕颈钩嘴鹛,雌性,亚成体,,,,,,,,,,,,,,,
562,棕颈钩嘴鹛亚成体,棕颈钩嘴鹛,无法区分,亚成体,,,,,,,,,,,,,,,
563,棕颈钩嘴鹛幼体,棕颈钩嘴鹛,无法区分,幼体,,,,,,,,,,,,,,,
564,棕颈钩嘴鹛,棕颈钩嘴鹛,无法区分,无法区分,,,,,,,,,,,,,,,
565,松鼠雄性成体,松鼠,雄性,成体,,,,,,,,,,,,,,,
566,松鼠雌性成体,松鼠,雌性,成体,,,,,,,,,,,,,,,
567,松鼠成体,松鼠,无法区分,成体,,,,,,,,,,,,,,,
568,松鼠雄性亚成体,松鼠,雄性,亚成体,,,,,,,,,,,,,,,
569,松鼠雌性亚成体,松鼠,雌性,亚成体,,,,,,,,,,,,,,,
570,松鼠亚成体,松鼠,无法区分,亚成体,,,,,,,,,,,,,,,
571,松鼠幼体,松鼠,无法区分,幼体,,,,,,,,,,,,,,,
572,松鼠,松鼠,无法区分,无法区分,,,,,,,,,,,,,,,
573,灰头绿啄木鸟雄性成体,灰头绿啄木鸟,雄性,成体,,,,,,,,,,,,,,,
574,灰头绿啄木鸟雌性成体,灰头绿啄木鸟,雌性,成体,,,,,,,,,,,,,,,
575,灰头绿啄木鸟成体,灰头绿啄木鸟,无法区分,成体,,,,,,,,,,,,,,,
576,灰头绿啄木鸟雄性亚成体,灰头绿啄木鸟,雄性,亚成体,,,,,,,,,,,,,,,
577,灰头绿啄木鸟雌性亚成体,灰头绿啄木鸟,雌性,亚成体,,,,,,,,,,,,,,,
578,灰头绿啄木鸟亚成体,灰头绿啄木鸟,无法区分,亚成体,,,,,,,,,,,,,,,
579,灰头绿啄木鸟幼体,灰头绿啄木鸟,无法区分,幼体,,,,,,,,,,,,,,,
580,灰头绿啄木鸟,灰头绿啄木鸟,无法区分,无法区分,,,,,,,,,,,,,,,
581,海南孔雀雉雄性成体,海南孔雀雉,雄性,成体,,,,,,,,,,,,,,,
582,海南孔雀雉雌性成体,海南孔雀雉,雌性,成体,,,,,,,,,,,,,,,
583,海南孔雀雉成体,海南孔雀雉,无法区分,成体,,,,,,,,,,,,,,,
584,海南孔雀雉雄性亚成体,海南孔雀雉,雄性,亚成体,,,,,,,,,,,,,,,
585,海南孔雀雉雌性亚成体,海南孔雀雉,雌性,亚成体,,,,,,,,,,,,,,,
586,海南孔雀雉亚成体,海南孔雀雉,无法区分,亚成体,,,,,,,,,,,,,,,
587,海南孔雀雉幼体,海南孔雀雉,无法区分,幼体,,,,,,,,,,,,,,,
588,海南孔雀雉,海南孔雀雉,无法区分,无法区分,,,,,,,,,,,,,,,
589,橙翅噪鹛雄性成体,橙翅噪鹛,雄性,成体,,,,,,,,,,,,,,,
590,橙翅噪鹛雌性成体,橙翅噪鹛,雌性,成体,,,,,,,,,,,,,,,
591,橙翅噪鹛成体,橙翅噪鹛,无法区分,成体,,,,,,,,,,,,,,,
592,橙翅噪鹛雄性亚成体,橙翅噪鹛,雄性,亚成体,,,,,,,,,,,,,,,
593,橙翅噪鹛雌性亚成体,橙翅噪鹛,雌性,亚成体,,,,,,,,,,,,,,,
594,橙翅噪鹛亚成体,橙翅噪鹛,无法区分,亚成体,,,,,,,,,,,,,,,
595,橙翅噪鹛幼体,橙翅噪鹛,无法区分,幼体,,,,,,,,,,,,,,,
596,橙翅噪鹛,橙翅噪鹛,无法区分,无法区分,,,,,,,,,,,,,,,
597,灰翅噪鹛雄性成体,灰翅噪鹛,雄性,成体,,,,,,,,,,,,,,,
598,灰翅噪鹛雌性成体,灰翅噪鹛,雌性,成体,,,,,,,,,,,,,,,
599,灰翅噪鹛成体,灰翅噪鹛,无法区分,成体,,,,,,,,,,,,,,,
600,灰翅噪鹛雄性亚成体,灰翅噪鹛,雄性,亚成体,,,,,,,,,,,,,,,
601,灰翅噪鹛雌性亚成体,灰翅噪鹛,雌性,亚成体,,,,,,,,,,,,,,,
602,灰翅噪鹛亚成体,灰翅噪鹛,无法区分,亚成体,,,,,,,,,,,,,,,
603,灰翅噪鹛幼体,灰翅噪鹛,无法区分,幼体,,,,,,,,,,,,,,,
604,灰翅噪鹛,灰翅噪鹛,无法区分,无法区分,,,,,,,,,,,,,,,
605,黑喉噪鹛雄性成体,黑喉噪鹛,雄性,成体,,,,,,,,,,,,,,,
606,黑喉噪鹛雌性成体,黑喉噪鹛,雌性,成体,,,,,,,,,,,,,,,
607,黑喉噪鹛成体,黑喉噪鹛,无法区分,成体,,,,,,,,,,,,,,,
608,黑喉噪鹛雄性亚成体,黑喉噪鹛,雄性,亚成体,,,,,,,,,,,,,,,
609,黑喉噪鹛雌性亚成体,黑喉噪鹛,雌性,亚成体,,,,,,,,,,,,,,,
610,黑喉噪鹛亚成体,黑喉噪鹛,无法区分,亚成体,,,,,,,,,,,,,,,
611,黑喉噪鹛幼体,黑喉噪鹛,无法区分,幼体,,,,,,,,,,,,,,,
612,黑喉噪鹛,黑喉噪鹛,无法区分,无法区分,,,,,,,,,,,,,,,
613,棕熊雄性成体,棕熊,雄性,成体,,,,,,,,,,,,,,,
614,棕熊雌性成体,棕熊,雌性,成体,,,,,,,,,,,,,,,
615,棕熊成体,棕熊,无法区分,成体,,,,,,,,,,,,,,,
616,棕熊雄性亚成体,棕熊,雄性,亚成体,,,,,,,,,,,,,,,
617,棕熊雌性亚成体,棕熊,雌性,亚成体,,,,,,,,,,,,,,,
618,棕熊亚成体,棕熊,无法区分,亚成体,,,,,,,,,,,,,,,
619,棕熊幼体,棕熊,无法区分,幼体,,,,,,,,,,,,,,,
620,棕熊,棕熊,无法区分,无法区分,,,,,,,,,,,,,,,
621,赤狐雄性成体,赤狐,雄性,成体,,,,,,,,,,,,,,,
622,赤狐雌性成体,赤狐,雌性,成体,,,,,,,,,,,,,,,
623,赤狐成体,赤狐,无法区分,成体,,,,,,,,,,,,,,,
624,赤狐雄性亚成体,赤狐,雄性,亚成体,,,,,,,,,,,,,,,
625,赤狐雌性亚成体,赤狐,雌性,亚成体,,,,,,,,,,,,,,,
626,赤狐亚成体,赤狐,无法区分,亚成体,,,,,,,,,,,,,,,
627,赤狐幼体,赤狐,无法区分,幼体,,,,,,,,,,,,,,,
628,赤狐,赤狐,无法区分,无法区分,,,,,,,,,,,,,,,
629,藏狐雄性成体,藏狐,雄性,成体,,,,,,,,,,,,,,,
630,藏狐雌性成体,藏狐,雌性,成体,,,,,,,,,,,,,,,
631,藏狐成体,藏狐,无法区分,成体,,,,,,,,,,,,,,,
632,藏狐雄性亚成体,藏狐,雄性,亚成体,,,,,,,,,,,,,,,
633,藏狐雌性亚成体,藏狐,雌性,亚成体,,,,,,,,,,,,,,,
634,藏狐亚成体,藏狐,无法区分,亚成体,,,,,,,,,,,,,,,
635,藏狐幼体,藏狐,无法区分,幼体,,,,,,,,,,,,,,,
636,藏狐,藏狐,无法区分,无法区分,,,,,,,,,,,,,,,
637,食蟹獴雄性成体,食蟹獴,雄性,成体,,,,,,,,,,,,,,,
638,食蟹獴雌性成体,食蟹獴,雌性,成体,,,,,,,,,,,,,,,
639,食蟹獴成体,食蟹獴,无法区分,成体,,,,,,,,,,,,,,,
640,食蟹獴雄性亚成体,食蟹獴,雄性,亚成体,,,,,,,,,,,,,,,
641,食蟹獴雌性亚成体,食蟹獴,雌性,亚成体,,,,,,,,,,,,,,,
642,食蟹獴亚成体,食蟹獴,无法区分,亚成体,,,,,,,,,,,,,,,
643,食蟹獴幼体,食蟹獴,无法区分,幼体,,,,,,,,,,,,,,,
644,食蟹獴,食蟹獴,无法区分,无法区分,,,,,,,,,,,,,,,
645,小熊猫雄性成体,小熊猫,雄性,成体,,,,,,,,,,,,,,,
646,小熊猫雌性成体,小熊猫,雌性,成体,,,,,,,,,,,,,,,
647,小熊猫成体,小熊猫,无法区分,成体,,,,,,,,,,,,,,,
648,小熊猫雄性亚成体,小熊猫,雄性,亚成体,,,,,,,,,,,,,,,
649,小熊猫雌性亚成体,小熊猫,雌性,亚成体,,,,,,,,,,,,,,,
650,小熊猫亚成体,小熊猫,无法区分,亚成体,,,,,,,,,,,,,,,
651,小熊猫幼体,小熊猫,无法区分,幼体,,,,,,,,,,,,,,,
652,小熊猫,小熊猫,无法区分,无法区分,,,,,,,,,,,,,,,
653,黑麂雄性成体,黑麂,雄性,成体,,,,,,,,,,,,,,,
654,黑麂雌性成体,黑麂,雌性,成体,,,,,,,,,,,,,,,
655,黑麂成体,黑麂,无法区分,成体,,,,,,,,,,,,,,,
656,黑麂雄性亚成体,黑麂,雄性,亚成体,,,,,,,,,,,,,,,
657,黑麂雌性亚成体,黑麂,雌性,亚成体,,,,,,,,,,,,,,,
658,黑麂亚成体,黑麂,无法区分,亚成体,,,,,,,,,,,,,,,
659,黑麂幼体,黑麂,无法区分,幼体,,,,,,,,,,,,,,,
660,黑麂,黑麂,无法区分,无法区分,,,,,,,,,,,,,,,
661,紫啸鸫雄性成体,紫啸鸫,雄性,成体,,,,,,,,,,,,,,,
662,紫啸鸫雌性成体,紫啸鸫,雌性,成体,,,,,,,,,,,,,,,
663,紫啸鸫成体,紫啸鸫,无法区分,成体,,,,,,,,,,,,,,,
664,紫啸鸫雄性亚成体,紫啸鸫,雄性,亚成体,,,,,,,,,,,,,,,
665,紫啸鸫雌性亚成体,紫啸鸫,雌性,亚成体,,,,,,,,,,,,,,,
666,紫啸鸫亚成体,紫啸鸫,无法区分,亚成体,,,,,,,,,,,,,,,
667,紫啸鸫幼体,紫啸鸫,无法区分,幼体,,,,,,,,,,,,,,,
668,紫啸鸫,紫啸鸫,无法区分,无法区分,,,,,,,,,,,,,,,
669,斑鸫雄性成体,斑鸫,雄性,成体,,,,,,,,,,,,,,,
670,斑鸫雌性成体,斑鸫,雌性,成体,,,,,,,,,,,,,,,
671,斑鸫成体,斑鸫,无法区分,成体,,,,,,,,,,,,,,,
672,斑鸫雄性亚成体,斑鸫,雄性,亚成体,,,,,,,,,,,,,,,
673,斑鸫雌性亚成体,斑鸫,雌性,亚成体,,,,,,,,,,,,,,,
674,斑鸫亚成体,斑鸫,无法区分,亚成体,,,,,,,,,,,,,,,
675,斑鸫幼体,斑鸫,无法区分,幼体,,,,,,,,,,,,,,,
676,斑鸫,斑鸫,无法区分,无法区分,,,,,,,,,,,,,,,
677,绿翅金鸠雄性成体,绿翅金鸠,雄性,成体,,,,,,,,,,,,,,,
678,绿翅金鸠雌性成体,绿翅金鸠,雌性,成体,,,,,,,,,,,,,,,
679,绿翅金鸠成体,绿翅金鸠,无法区分,成体,,,,,,,,,,,,,,,
680,绿翅金鸠雄性亚成体,绿翅金鸠,雄性,亚成体,,,,,,,,,,,,,,,
681,绿翅金鸠雌性亚成体,绿翅金鸠,雌性,亚成体,,,,,,,,,,,,,,,
682,绿翅金鸠亚成体,绿翅金鸠,无法区分,亚成体,,,,,,,,,,,,,,,
683,绿翅金鸠幼体,绿翅金鸠,无法区分,幼体,,,,,,,,,,,,,,,
684,绿翅金鸠,绿翅金鸠,无法区分,无法区分,,,,,,,,,,,,,,,
685,白颈长尾雉雄性成体,白颈长尾雉,雄性,成体,,,,,,,,,,,,,,,
686,白颈长尾雉雌性成体,白颈长尾雉,雌性,成体,,,,,,,,,,,,,,,
687,白颈长尾雉成体,白颈长尾雉,无法区分,成体,,,,,,,,,,,,,,,
688,白颈长尾雉雄性亚成体,白颈长尾雉,雄性,亚成体,,,,,,,,,,,,,,,
689,白颈长尾雉雌性亚成体,白颈长尾雉,雌性,亚成体,,,,,,,,,,,,,,,
690,白颈长尾雉亚成体,白颈长尾雉,无法区分,亚成体,,,,,,,,,,,,,,,
691,白颈长尾雉幼体,白颈长尾雉,无法区分,幼体,,,,,,,,,,,,,,,
692,白颈长尾雉,白颈长尾雉,无法区分,无法区分,,,,,,,,,,,,,,,
693,黑颈长尾雉雄性成体,黑颈长尾雉,雄性,成体,,,,,,,,,,,,,,,
694,黑颈长尾雉雌性成体,黑颈长尾雉,雌性,成体,,,,,,,,,,,,,,,
695,黑颈长尾雉成体,黑颈长尾雉,无法区分,成体,,,,,,,,,,,,,,,
696,黑颈长尾雉雄性亚成体,黑颈长尾雉,雄性,亚成体,,,,,,,,,,,,,,,
697,黑颈长尾雉雌性亚成体,黑颈长尾雉,雌性,亚成体,,,,,,,,,,,,,,,
698,黑颈长尾雉亚成体,黑颈长尾雉,无法区分,亚成体,,,,,,,,,,,,,,,
699,黑颈长尾雉幼体,黑颈长尾雉,无法区分,幼体,,,,,,,,,,,,,,,
700,黑颈长尾雉,黑颈长尾雉,无法区分,无法区分,,,,,,,,,,,,,,,
701,黑鹇雄性成体,黑鹇,雄性,成体,,,,,,,,,,,,,,,
702,黑鹇雌性成体,黑鹇,雌性,成体,,,,,,,,,,,,,,,
703,黑鹇成体,黑鹇,无法区分,成体,,,,,,,,,,,,,,,
704,黑鹇雄性亚成体,黑鹇,雄性,亚成体,,,,,,,,,,,,,,,
705,黑鹇雌性亚成体,黑鹇,雌性,亚成体,,,,,,,,,,,,,,,
706,黑鹇亚成体,黑鹇,无法区分,亚成体,,,,,,,,,,,,,,,
707,黑鹇幼体,黑鹇,无法区分,幼体,,,,,,,,,,,,,,,
708,黑鹇,黑鹇,无法区分,无法区分,,,,,,,,,,,,,,,
709,黄腹鼬雄性成体,黄腹鼬,雄性,成体,,,,,,,,,,,,,,,
710,黄腹鼬雌性成体,黄腹鼬,雌性,成体,,,,,,,,,,,,,,,
711,黄腹鼬成体,黄腹鼬,无法区分,成体,,,,,,,,,,,,,,,
712,黄腹鼬雄性亚成体,黄腹鼬,雄性,亚成体,,,,,,,,,,,,,,,
713,黄腹鼬雌性亚成体,黄腹鼬,雌性,亚成体,,,,,,,,,,,,,,,
714,黄腹鼬亚成体,黄腹鼬,无法区分,亚成体,,,,,,,,,,,,,,,
715,黄腹鼬幼体,黄腹鼬,无法区分,幼体,,,,,,,,,,,,,,,
716,黄腹鼬,黄腹鼬,无法区分,无法区分,,,,,,,,,,,,,,,
717,印度野牛雄性成体,印度野牛,雄性,成体,,,,,,,,,,,,,,,
718,印度野牛雌性成体,印度野牛,雌性,成体,,,,,,,,,,,,,,,
719,印度野牛成体,印度野牛,无法区分,成体,,,,,,,,,,,,,,,
720,印度野牛雄性亚成体,印度野牛,雄性,亚成体,,,,,,,,,,,,,,,
721,印度野牛雌性亚成体,印度野牛,雌性,亚成体,,,,,,,,,,,,,,,
722,印度野牛亚成体,印度野牛,无法区分,亚成体,,,,,,,,,,,,,,,
723,印度野牛幼体,印度野牛,无法区分,幼体,,,,,,,,,,,,,,,
724,印度野牛,印度野牛,无法区分,无法区分,,,,,,,,,,,,,,,
725,丘鹬雄性成体,丘鹬,雄性,成体,,,,,,,,,,,,,,,
726,丘鹬雌性成体,丘鹬,雌性,成体,,,,,,,,,,,,,,,
727,丘鹬成体,丘鹬,无法区分,成体,,,,,,,,,,,,,,,
728,丘鹬雄性亚成体,丘鹬,雄性,亚成体,,,,,,,,,,,,,,,
729,丘鹬雌性亚成体,丘鹬,雌性,亚成体,,,,,,,,,,,,,,,
730,丘鹬亚成体,丘鹬,无法区分,亚成体,,,,,,,,,,,,,,,
731,丘鹬幼体,丘鹬,无法区分,幼体,,,,,,,,,,,,,,,
732,丘鹬,丘鹬,无法区分,无法区分,,,,,,,,,,,,,,,
733,棕背黑头鸫雄性成体,棕背黑头鸫,雄性,成体,,,,,,,,,,,,,,,
734,棕背黑头鸫雌性成体,棕背黑头鸫,雌性,成体,,,,,,,,,,,,,,,
735,棕背黑头鸫成体,棕背黑头鸫,无法区分,成体,,,,,,,,,,,,,,,
736,棕背黑头鸫雄性亚成体,棕背黑头鸫,雄性,亚成体,,,,,,,,,,,,,,,
737,棕背黑头鸫雌性亚成体,棕背黑头鸫,雌性,亚成体,,,,,,,,,,,,,,,
738,棕背黑头鸫亚成体,棕背黑头鸫,无法区分,亚成体,,,,,,,,,,,,,,,
739,棕背黑头鸫幼体,棕背黑头鸫,无法区分,幼体,,,,,,,,,,,,,,,
740,棕背黑头鸫,棕背黑头鸫,无法区分,无法区分,,,,,,,,,,,,,,,
741,白喉扇尾鹟雄性成体,白喉扇尾鹟,雄性,成体,,,,,,,,,,,,,,,
742,白喉扇尾鹟雌性成体,白喉扇尾鹟,雌性,成体,,,,,,,,,,,,,,,
743,白喉扇尾鹟成体,白喉扇尾鹟,无法区分,成体,,,,,,,,,,,,,,,
744,白喉扇尾鹟雄性亚成体,白喉扇尾鹟,雄性,亚成体,,,,,,,,,,,,,,,
745,白喉扇尾鹟雌性亚成体,白喉扇尾鹟,雌性,亚成体,,,,,,,,,,,,,,,
746,白喉扇尾鹟亚成体,白喉扇尾鹟,无法区分,亚成体,,,,,,,,,,,,,,,
747,白喉扇尾鹟幼体,白喉扇尾鹟,无法区分,幼体,,,,,,,,,,,,,,,
748,白喉扇尾鹟,白喉扇尾鹟,无法区分,无法区分,,,,,,,,,,,,,,,
749,长尾地鸫雄性成体,长尾地鸫,雄性,成体,,,,,,,,,,,,,,,
750,长尾地鸫雌性成体,长尾地鸫,雌性,成体,,,,,,,,,,,,,,,
751,长尾地鸫成体,长尾地鸫,无法区分,成体,,,,,,,,,,,,,,,
752,长尾地鸫雄性亚成体,长尾地鸫,雄性,亚成体,,,,,,,,,,,,,,,
753,长尾地鸫雌性亚成体,长尾地鸫,雌性,亚成体,,,,,,,,,,,,,,,
754,长尾地鸫亚成体,长尾地鸫,无法区分,亚成体,,,,,,,,,,,,,,,
755,长尾地鸫幼体,长尾地鸫,无法区分,幼体,,,,,,,,,,,,,,,
756,长尾地鸫,长尾地鸫,无法区分,无法区分,,,,,,,,,,,,,,,
757,绿背山雀雄性成体,绿背山雀,雄性,成体,,,,,,,,,,,,,,,
758,绿背山雀雌性成体,绿背山雀,雌性,成体,,,,,,,,,,,,,,,
759,绿背山雀成体,绿背山雀,无法区分,成体,,,,,,,,,,,,,,,
760,绿背山雀雄性亚成体,绿背山雀,雄性,亚成体,,,,,,,,,,,,,,,
761,绿背山雀雌性亚成体,绿背山雀,雌性,亚成体,,,,,,,,,,,,,,,
762,绿背山雀亚成体,绿背山雀,无法区分,亚成体,,,,,,,,,,,,,,,
763,绿背山雀幼体,绿背山雀,无法区分,幼体,,,,,,,,,,,,,,,
764,绿背山雀,绿背山雀,无法区分,无法区分,,,,,,,,,,,,,,,
765,红原鸡雄性成体,红原鸡,雄性,成体,,,,,,,,,,,,,,,
766,红原鸡雌性成体,红原鸡,雌性,成体,,,,,,,,,,,,,,,
767,红原鸡成体,红原鸡,无法区分,成体,,,,,,,,,,,,,,,
768,红原鸡雄性亚成体,红原鸡,雄性,亚成体,,,,,,,,,,,,,,,
769,红原鸡雌性亚成体,红原鸡,雌性,亚成体,,,,,,,,,,,,,,,
770,红原鸡亚成体,红原鸡,无法区分,亚成体,,,,,,,,,,,,,,,
771,红原鸡幼体,红原鸡,无法区分,幼体,,,,,,,,,,,,,,,
772,红原鸡,红原鸡,无法区分,无法区分,,,,,,,,,,,,,,,
773,巨松鼠雄性成体,巨松鼠,雄性,成体,,,,,,,,,,,,,,,
774,巨松鼠雌性成体,巨松鼠,雌性,成体,,,,,,,,,,,,,,,
775,巨松鼠成体,巨松鼠,无法区分,成体,,,,,,,,,,,,,,,
776,巨松鼠雄性亚成体,巨松鼠,雄性,亚成体,,,,,,,,,,,,,,,
777,巨松鼠雌性亚成体,巨松鼠,雌性,亚成体,,,,,,,,,,,,,,,
778,巨松鼠亚成体,巨松鼠,无法区分,亚成体,,,,,,,,,,,,,,,
779,巨松鼠幼体,巨松鼠,无法区分,幼体,,,,,,,,,,,,,,,
780,巨松鼠,巨松鼠,无法区分,无法区分,,,,,,,,,,,,,,,
781,灰头小鼯鼠雄性成体,灰头小鼯鼠,雄性,成体,,,,,,,,,,,,,,,
782,灰头小鼯鼠雌性成体,灰头小鼯鼠,雌性,成体,,,,,,,,,,,,,,,
783,灰头小鼯鼠成体,灰头小鼯鼠,无法区分,成体,,,,,,,,,,,,,,,
784,灰头小鼯鼠雄性亚成体,灰头小鼯鼠,雄性,亚成体,,,,,,,,,,,,,,,
785,灰头小鼯鼠雌性亚成体,灰头小鼯鼠,雌性,亚成体,,,,,,,,,,,,,,,
786,灰头小鼯鼠亚成体,灰头小鼯鼠,无法区分,亚成体,,,,,,,,,,,,,,,
787,灰头小鼯鼠幼体,灰头小鼯鼠,无法区分,幼体,,,,,,,,,,,,,,,
788,灰头小鼯鼠,灰头小鼯鼠,无法区分,无法区分,,,,,,,,,,,,,,,
789,猞猁雄性成体,猞猁,雄性,成体,,,,,,,,,,,,,,,
790,猞猁雌性成体,猞猁,雌性,成体,,,,,,,,,,,,,,,
791,猞猁成体,猞猁,无法区分,成体,,,,,,,,,,,,,,,
792,猞猁雄性亚成体,猞猁,雄性,亚成体,,,,,,,,,,,,,,,
793,猞猁雌性亚成体,猞猁,雌性,亚成体,,,,,,,,,,,,,,,
794,猞猁亚成体,猞猁,无法区分,亚成体,,,,,,,,,,,,,,,
795,猞猁幼体,猞猁,无法区分,幼体,,,,,,,,,,,,,,,
796,猞猁,猞猁,无法区分,无法区分,,,,,,,,,,,,,,,
797,灰胸竹鸡雄性成体,灰胸竹鸡,雄性,成体,,,,,,,,,,,,,,,
798,灰胸竹鸡雌性成体,灰胸竹鸡,雌性,成体,,,,,,,,,,,,,,,
799,灰胸竹鸡成体,灰胸竹鸡,无法区分,成体,,,,,,,,,,,,,,,
800,灰胸竹鸡雄性亚成体,灰胸竹鸡,雄性,亚成体,,,,,,,,,,,,,,,
801,灰胸竹鸡雌性亚成体,灰胸竹鸡,雌性,亚成体,,,,,,,,,,,,,,,
802,灰胸竹鸡亚成体,灰胸竹鸡,无法区分,亚成体,,,,,,,,,,,,,,,
803,灰胸竹鸡幼体,灰胸竹鸡,无法区分,幼体,,,,,,,,,,,,,,,
804,灰胸竹鸡,灰胸竹鸡,无法区分,无法区分,,,,,,,,,,,,,,,
805,斑背噪鹛雄性成体,斑背噪鹛,雄性,成体,,,,,,,,,,,,,,,
806,斑背噪鹛雌性成体,斑背噪鹛,雌性,成体,,,,,,,,,,,,,,,
807,斑背噪鹛成体,斑背噪鹛,无法区分,成体,,,,,,,,,,,,,,,
808,斑背噪鹛雄性亚成体,斑背噪鹛,雄性,亚成体,,,,,,,,,,,,,,,
809,斑背噪鹛雌性亚成体,斑背噪鹛,雌性,亚成体,,,,,,,,,,,,,,,
810,斑背噪鹛亚成体,斑背噪鹛,无法区分,亚成体,,,,,,,,,,,,,,,
811,斑背噪鹛幼体,斑背噪鹛,无法区分,幼体,,,,,,,,,,,,,,,
812,斑背噪鹛,斑背噪鹛,无法区分,无法区分,,,,,,,,,,,,,,,
813,白眉朱雀雄性成体,白眉朱雀,雄性,成体,,,,,,,,,,,,,,,
814,白眉朱雀雌性成体,白眉朱雀,雌性,成体,,,,,,,,,,,,,,,
815,白眉朱雀成体,白眉朱雀,无法区分,成体,,,,,,,,,,,,,,,
816,白眉朱雀雄性亚成体,白眉朱雀,雄性,亚成体,,,,,,,,,,,,,,,
817,白眉朱雀雌性亚成体,白眉朱雀,雌性,亚成体,,,,,,,,,,,,,,,
818,白眉朱雀亚成体,白眉朱雀,无法区分,亚成体,,,,,,,,,,,,,,,
819,白眉朱雀幼体,白眉朱雀,无法区分,幼体,,,,,,,,,,,,,,,
820,白眉朱雀,白眉朱雀,无法区分,无法区分,,,,,,,,,,,,,,,
821,方尾鹟雄性成体,方尾鹟,雄性,成体,,,,,,,,,,,,,,,
822,方尾鹟雌性成体,方尾鹟,雌性,成体,,,,,,,,,,,,,,,
823,方尾鹟成体,方尾鹟,无法区分,成体,,,,,,,,,,,,,,,
824,方尾鹟雄性亚成体,方尾鹟,雄性,亚成体,,,,,,,,,,,,,,,
825,方尾鹟雌性亚成体,方尾鹟,雌性,亚成体,,,,,,,,,,,,,,,
826,方尾鹟亚成体,方尾鹟,无法区分,亚成体,,,,,,,,,,,,,,,
827,方尾鹟幼体,方尾鹟,无法区分,幼体,,,,,,,,,,,,,,,
828,方尾鹟,方尾鹟,无法区分,无法区分,,,,,,,,,,,,,,,
829,乌鸫雄性成体,乌鸫,雄性,成体,,,,,,,,,,,,,,,
830,乌鸫雌性成体,乌鸫,雌性,成体,,,,,,,,,,,,,,,
831,乌鸫成体,乌鸫,无法区分,成体,,,,,,,,,,,,,,,
832,乌鸫雄性亚成体,乌鸫,雄性,亚成体,,,,,,,,,,,,,,,
833,乌鸫雌性亚成体,乌鸫,雌性,亚成体,,,,,,,,,,,,,,,
834,乌鸫亚成体,乌鸫,无法区分,亚成体,,,,,,,,,,,,,,,
835,乌鸫幼体,乌鸫,无法区分,幼体,,,,,,,,,,,,,,,
836,乌鸫,乌鸫,无法区分,无法区分,,,,,,,,,,,,,,,
837,大嘴乌鸦雄性成体,大嘴乌鸦,雄性,成体,,,,,,,,,,,,,,,
838,大嘴乌鸦雌性成体,大嘴乌鸦,雌性,成体,,,,,,,,,,,,,,,
839,大嘴乌鸦成体,大嘴乌鸦,无法区分,成体,,,,,,,,,,,,,,,
840,大嘴乌鸦雄性亚成体,大嘴乌鸦,雄性,亚成体,,,,,,,,,,,,,,,
841,大嘴乌鸦雌性亚成体,大嘴乌鸦,雌性,亚成体,,,,,,,,,,,,,,,
842,大嘴乌鸦亚成体,大嘴乌鸦,无法区分,亚成体,,,,,,,,,,,,,,,
843,大嘴乌鸦幼体,大嘴乌鸦,无法区分,幼体,,,,,,,,,,,,,,,
844,大嘴乌鸦,大嘴乌鸦,无法区分,无法区分,,,,,,,,,,,,,,,
845,大斑啄木鸟雄性成体,大斑啄木鸟,雄性,成体,,,,,,,,,,,,,,,
846,大斑啄木鸟雌性成体,大斑啄木鸟,雌性,成体,,,,,,,,,,,,,,,
847,大斑啄木鸟成体,大斑啄木鸟,无法区分,成体,,,,,,,,,,,,,,,
848,大斑啄木鸟雄性亚成体,大斑啄木鸟,雄性,亚成体,,,,,,,,,,,,,,,
849,大斑啄木鸟雌性亚成体,大斑啄木鸟,雌性,亚成体,,,,,,,,,,,,,,,
850,大斑啄木鸟亚成体,大斑啄木鸟,无法区分,亚成体,,,,,,,,,,,,,,,
851,大斑啄木鸟幼体,大斑啄木鸟,无法区分,幼体,,,,,,,,,,,,,,,
852,大斑啄木鸟,大斑啄木鸟,无法区分,无法区分,,,,,,,,,,,,,,,
853,花鼠雄性成体,花鼠,雄性,成体,,,,,,,,,,,,,,,
854,花鼠雌性成体,花鼠,雌性,成体,,,,,,,,,,,,,,,
855,花鼠成体,花鼠,无法区分,成体,,,,,,,,,,,,,,,
856,花鼠雄性亚成体,花鼠,雄性,亚成体,,,,,,,,,,,,,,,
857,花鼠雌性亚成体,花鼠,雌性,亚成体,,,,,,,,,,,,,,,
858,花鼠亚成体,花鼠,无法区分,亚成体,,,,,,,,,,,,,,,
859,花鼠幼体,花鼠,无法区分,幼体,,,,,,,,,,,,,,,
860,花鼠,花鼠,无法区分,无法区分,,,,,,,,,,,,,,,
861,白眉鸫雄性成体,白眉鸫,雄性,成体,,,,,,,,,,,,,,,
862,白眉鸫雌性成体,白眉鸫,雌性,成体,,,,,,,,,,,,,,,
863,白眉鸫成体,白眉鸫,无法区分,成体,,,,,,,,,,,,,,,
864,白眉鸫雄性亚成体,白眉鸫,雄性,亚成体,,,,,,,,,,,,,,,
865,白眉鸫雌性亚成体,白眉鸫,雌性,亚成体,,,,,,,,,,,,,,,
866,白眉鸫亚成体,白眉鸫,无法区分,亚成体,,,,,,,,,,,,,,,
867,白眉鸫幼体,白眉鸫,无法区分,幼体,,,,,,,,,,,,,,,
868,白眉鸫,白眉鸫,无法区分,无法区分,,,,,,,,,,,,,,,
869,白腹鸫雄性成体,白腹鸫,雄性,成体,,,,,,,,,,,,,,,
870,白腹鸫雌性成体,白腹鸫,雌性,成体,,,,,,,,,,,,,,,
871,白腹鸫成体,白腹鸫,无法区分,成体,,,,,,,,,,,,,,,
872,白腹鸫雄性亚成体,白腹鸫,雄性,亚成体,,,,,,,,,,,,,,,
873,白腹鸫雌性亚成体,白腹鸫,雌性,亚成体,,,,,,,,,,,,,,,
874,白腹鸫亚成体,白腹鸫,无法区分,亚成体,,,,,,,,,,,,,,,
875,白腹鸫幼体,白腹鸫,无法区分,幼体,,,,,,,,,,,,,,,
876,白腹鸫,白腹鸫,无法区分,无法区分,,,,,,,,,,,,,,,
877,紫貂雄性成体,紫貂,雄性,成体,,,,,,,,,,,,,,,
878,紫貂雌性成体,紫貂,雌性,成体,,,,,,,,,,,,,,,
879,紫貂成体,紫貂,无法区分,成体,,,,,,,,,,,,,,,
880,紫貂雄性亚成体,紫貂,雄性,亚成体,,,,,,,,,,,,,,,
881,紫貂雌性亚成体,紫貂,雌性,亚成体,,,,,,,,,,,,,,,
882,紫貂亚成体,紫貂,无法区分,亚成体,,,,,,,,,,,,,,,
883,紫貂幼体,紫貂,无法区分,幼体,,,,,,,,,,,,,,,
884,紫貂,紫貂,无法区分,无法区分,,,,,,,,,,,,,,,
885,红颊长吻松鼠雄性成体,红颊长吻松鼠,雄性,成体,,,,,,,,,,,,,,,
886,红颊长吻松鼠雌性成体,红颊长吻松鼠,雌性,成体,,,,,,,,,,,,,,,
887,红颊长吻松鼠成体,红颊长吻松鼠,无法区分,成体,,,,,,,,,,,,,,,
888,红颊长吻松鼠雄性亚成体,红颊长吻松鼠,雄性,亚成体,,,,,,,,,,,,,,,
889,红颊长吻松鼠雌性亚成体,红颊长吻松鼠,雌性,亚成体,,,,,,,,,,,,,,,
890,红颊长吻松鼠亚成体,红颊长吻松鼠,无法区分,亚成体,,,,,,,,,,,,,,,
891,红颊长吻松鼠幼体,红颊长吻松鼠,无法区分,幼体,,,,,,,,,,,,,,,
892,红颊长吻松鼠,红颊长吻松鼠,无法区分,无法区分,,,,,,,,,,,,,,,
893,马麝雄性成体,马麝,雄性,成体,,,,,,,,,,,,,,,
894,马麝雌性成体,马麝,雌性,成体,,,,,,,,,,,,,,,
895,马麝成体,马麝,无法区分,成体,,,,,,,,,,,,,,,
896,马麝雄性亚成体,马麝,雄性,亚成体,,,,,,,,,,,,,,,
897,马麝雌性亚成体,马麝,雌性,亚成体,,,,,,,,,,,,,,,
898,马麝亚成体,马麝,无法区分,亚成体,,,,,,,,,,,,,,,
899,马麝幼体,马麝,无法区分,幼体,,,,,,,,,,,,,,,
900,马麝,马麝,无法区分,无法区分,,,,,,,,,,,,,,,
901,黄胸绿鹊雄性成体,黄胸绿鹊,雄性,成体,,,,,,,,,,,,,,,
902,黄胸绿鹊雌性成体,黄胸绿鹊,雌性,成体,,,,,,,,,,,,,,,
903,黄胸绿鹊成体,黄胸绿鹊,无法区分,成体,,,,,,,,,,,,,,,
904,黄胸绿鹊雄性亚成体,黄胸绿鹊,雄性,亚成体,,,,,,,,,,,,,,,
905,黄胸绿鹊雌性亚成体,黄胸绿鹊,雌性,亚成体,,,,,,,,,,,,,,,
906,黄胸绿鹊亚成体,黄胸绿鹊,无法区分,亚成体,,,,,,,,,,,,,,,
907,黄胸绿鹊幼体,黄胸绿鹊,无法区分,幼体,,,,,,,,,,,,,,,
908,黄胸绿鹊,黄胸绿鹊,无法区分,无法区分,,,,,,,,,,,,,,,
909,棕噪鹛雄性成体,棕噪鹛,雄性,成体,,,,,,,,,,,,,,,
910,棕噪鹛雌性成体,棕噪鹛,雌性,成体,,,,,,,,,,,,,,,
911,棕噪鹛成体,棕噪鹛,无法区分,成体,,,,,,,,,,,,,,,
912,棕噪鹛雄性亚成体,棕噪鹛,雄性,亚成体,,,,,,,,,,,,,,,
913,棕噪鹛雌性亚成体,棕噪鹛,雌性,亚成体,,,,,,,,,,,,,,,
914,棕噪鹛亚成体,棕噪鹛,无法区分,亚成体,,,,,,,,,,,,,,,
915,棕噪鹛幼体,棕噪鹛,无法区分,幼体,,,,,,,,,,,,,,,
916,棕噪鹛,棕噪鹛,无法区分,无法区分,,,,,,,,,,,,,,,
917,白喉冠鹎雄性成体,白喉冠鹎,雄性,成体,,,,,,,,,,,,,,,
918,白喉冠鹎雌性成体,白喉冠鹎,雌性,成体,,,,,,,,,,,,,,,
919,白喉冠鹎成体,白喉冠鹎,无法区分,成体,,,,,,,,,,,,,,,
920,白喉冠鹎雄性亚成体,白喉冠鹎,雄性,亚成体,,,,,,,,,,,,,,,
921,白喉冠鹎雌性亚成体,白喉冠鹎,雌性,亚成体,,,,,,,,,,,,,,,
922,白喉冠鹎亚成体,白喉冠鹎,无法区分,亚成体,,,,,,,,,,,,,,,
923,白喉冠鹎幼体,白喉冠鹎,无法区分,幼体,,,,,,,,,,,,,,,
924,白喉冠鹎,白喉冠鹎,无法区分,无法区分,,,,,,,,,,,,,,,
925,红嘴鸦雀雄性成体,红嘴鸦雀,雄性,成体,,,,,,,,,,,,,,,
926,红嘴鸦雀雌性成体,红嘴鸦雀,雌性,成体,,,,,,,,,,,,,,,
927,红嘴鸦雀成体,红嘴鸦雀,无法区分,成体,,,,,,,,,,,,,,,
928,红嘴鸦雀雄性亚成体,红嘴鸦雀,雄性,亚成体,,,,,,,,,,,,,,,
929,红嘴鸦雀雌性亚成体,红嘴鸦雀,雌性,亚成体,,,,,,,,,,,,,,,
930,红嘴鸦雀亚成体,红嘴鸦雀,无法区分,亚成体,,,,,,,,,,,,,,,
931,红嘴鸦雀幼体,红嘴鸦雀,无法区分,幼体,,,,,,,,,,,,,,,
932,红嘴鸦雀,红嘴鸦雀,无法区分,无法区分,,,,,,,,,,,,,,,
933,隐纹花松鼠雄性成体,隐纹花松鼠,雄性,成体,,,,,,,,,,,,,,,
934,隐纹花松鼠雌性成体,隐纹花松鼠,雌性,成体,,,,,,,,,,,,,,,
935,隐纹花松鼠成体,隐纹花松鼠,无法区分,成体,,,,,,,,,,,,,,,
936,隐纹花松鼠雄性亚成体,隐纹花松鼠,雄性,亚成体,,,,,,,,,,,,,,,
937,隐纹花松鼠雌性亚成体,隐纹花松鼠,雌性,亚成体,,,,,,,,,,,,,,,
938,隐纹花松鼠亚成体,隐纹花松鼠,无法区分,亚成体,,,,,,,,,,,,,,,
939,隐纹花松鼠幼体,隐纹花松鼠,无法区分,幼体,,,,,,,,,,,,,,,
940,隐纹花松鼠,隐纹花松鼠,无法区分,无法区分,,,,,,,,,,,,,,,
941,黄喉雉鹑雄性成体,黄喉雉鹑,雄性,成体,,,,,,,,,,,,,,,
942,黄喉雉鹑雌性成体,黄喉雉鹑,雌性,成体,,,,,,,,,,,,,,,
943,黄喉雉鹑成体,黄喉雉鹑,无法区分,成体,,,,,,,,,,,,,,,
944,黄喉雉鹑雄性亚成体,黄喉雉鹑,雄性,亚成体,,,,,,,,,,,,,,,
945,黄喉雉鹑雌性亚成体,黄喉雉鹑,雌性,亚成体,,,,,,,,,,,,,,,
946,黄喉雉鹑亚成体,黄喉雉鹑,无法区分,亚成体,,,,,,,,,,,,,,,
947,黄喉雉鹑幼体,黄喉雉鹑,无法区分,幼体,,,,,,,,,,,,,,,
948,黄喉雉鹑,黄喉雉鹑,无法区分,无法区分,,,,,,,,,,,,,,,
949,发冠卷尾雄性成体,发冠卷尾,雄性,成体,,,,,,,,,,,,,,,
950,发冠卷尾雌性成体,发冠卷尾,雌性,成体,,,,,,,,,,,,,,,
951,发冠卷尾成体,发冠卷尾,无法区分,成体,,,,,,,,,,,,,,,
952,发冠卷尾雄性亚成体,发冠卷尾,雄性,亚成体,,,,,,,,,,,,,,,
953,发冠卷尾雌性亚成体,发冠卷尾,雌性,亚成体,,,,,,,,,,,,,,,
954,发冠卷尾亚成体,发冠卷尾,无法区分,亚成体,,,,,,,,,,,,,,,
955,发冠卷尾幼体,发冠卷尾,无法区分,幼体,,,,,,,,,,,,,,,
956,发冠卷尾,发冠卷尾,无法区分,无法区分,,,,,,,,,,,,,,,
957,环颈山鹧鸪雄性成体,环颈山鹧鸪,雄性,成体,,,,,,,,,,,,,,,
958,环颈山鹧鸪雌性成体,环颈山鹧鸪,雌性,成体,,,,,,,,,,,,,,,
959,环颈山鹧鸪成体,环颈山鹧鸪,无法区分,成体,,,,,,,,,,,,,,,
960,环颈山鹧鸪雄性亚成体,环颈山鹧鸪,雄性,亚成体,,,,,,,,,,,,,,,
961,环颈山鹧鸪雌性亚成体,环颈山鹧鸪,雌性,亚成体,,,,,,,,,,,,,,,
962,环颈山鹧鸪亚成体,环颈山鹧鸪,无法区分,亚成体,,,,,,,,,,,,,,,
963,环颈山鹧鸪幼体,环颈山鹧鸪,无法区分,幼体,,,,,,,,,,,,,,,
964,环颈山鹧鸪,环颈山鹧鸪,无法区分,无法区分,,,,,,,,,,,,,,,
965,灰树鹊雄性成体,灰树鹊,雄性,成体,,,,,,,,,,,,,,,
966,灰树鹊雌性成体,灰树鹊,雌性,成体,,,,,,,,,,,,,,,
967,灰树鹊成体,灰树鹊,无法区分,成体,,,,,,,,,,,,,,,
968,灰树鹊雄性亚成体,灰树鹊,雄性,亚成体,,,,,,,,,,,,,,,
969,灰树鹊雌性亚成体,灰树鹊,雌性,亚成体,,,,,,,,,,,,,,,
970,灰树鹊亚成体,灰树鹊,无法区分,亚成体,,,,,,,,,,,,,,,
971,灰树鹊幼体,灰树鹊,无法区分,幼体,,,,,,,,,,,,,,,
972,灰树鹊,灰树鹊,无法区分,无法区分,,,,,,,,,,,,,,,
973,燕雀雄性成体,燕雀,雄性,成体,,,,,,,,,,,,,,,
974,燕雀雌性成体,燕雀,雌性,成体,,,,,,,,,,,,,,,
975,燕雀成体,燕雀,无法区分,成体,,,,,,,,,,,,,,,
976,燕雀雄性亚成体,燕雀,雄性,亚成体,,,,,,,,,,,,,,,
977,燕雀雌性亚成体,燕雀,雌性,亚成体,,,,,,,,,,,,,,,
978,燕雀亚成体,燕雀,无法区分,亚成体,,,,,,,,,,,,,,,
979,燕雀幼体,燕雀,无法区分,幼体,,,,,,,,,,,,,,,
980,燕雀,燕雀,无法区分,无法区分,,,,,,,,,,,,,,,
981,白额燕尾雄性成体,白额燕尾,雄性,成体,,,,,,,,,,,,,,,
982,白额燕尾雌性成体,白额燕尾,雌性,成体,,,,,,,,,,,,,,,
983,白额燕尾成体,白额燕尾,无法区分,成体,,,,,,,,,,,,,,,
984,白额燕尾雄性亚成体,白额燕尾,雄性,亚成体,,,,,,,,,,,,,,,
985,白额燕尾雌性亚成体,白额燕尾,雌性,亚成体,,,,,,,,,,,,,,,
986,白额燕尾亚成体,白额燕尾,无法区分,亚成体,,,,,,,,,,,,,,,
987,白额燕尾幼体,白额燕尾,无法区分,幼体,,,,,,,,,,,,,,,
988,白额燕尾,白额燕尾,无法区分,无法区分,,,,,,,,,,,,,,,
989,荒漠猫雄性成体,荒漠猫,雄性,成体,,,,,,,,,,,,,,,
990,荒漠猫雌性成体,荒漠猫,雌性,成体,,,,,,,,,,,,,,,
991,荒漠猫成体,荒漠猫,无法区分,成体,,,,,,,,,,,,,,,
992,荒漠猫雄性亚成体,荒漠猫,雄性,亚成体,,,,,,,,,,,,,,,
993,荒漠猫雌性亚成体,荒漠猫,雌性,亚成体,,,,,,,,,,,,,,,
994,荒漠猫亚成体,荒漠猫,无法区分,亚成体,,,,,,,,,,,,,,,
995,荒漠猫幼体,荒漠猫,无法区分,幼体,,,,,,,,,,,,,,,
996,荒漠猫,荒漠猫,无法区分,无法区分,,,,,,,,,,,,,,,
997,复齿鼯鼠雄性成体,复齿鼯鼠,雄性,成体,,,,,,,,,,,,,,,
998,复齿鼯鼠雌性成体,复齿鼯鼠,雌性,成体,,,,,,,,,,,,,,,
999,复齿鼯鼠成体,复齿鼯鼠,无法区分,成体,,,,,,,,,,,,,,,
1000,复齿鼯鼠雄性亚成体,复齿鼯鼠,雄性,亚成体,,,,,,,,,,,,,,,
1001,复齿鼯鼠雌性亚成体,复齿鼯鼠,雌性,亚成体,,,,,,,,,,,,,,,
1002,复齿鼯鼠亚成体,复齿鼯鼠,无法区分,亚成体,,,,,,,,,,,,,,,
1003,复齿鼯鼠幼体,复齿鼯鼠,无法区分,幼体,,,,,,,,,,,,,,,
1004,复齿鼯鼠,复齿鼯鼠,无法区分,无法区分,,,,,,,,,,,,,,,
1005,金猫雄性成体,金猫,雄性,成体,,,,,,,,,,,,,,,
1006,金猫雌性成体,金猫,雌性,成体,,,,,,,,,,,,,,,
1007,金猫成体,金猫,无法区分,成体,,,,,,,,,,,,,,,
1008,金猫雄性亚成体,金猫,雄性,亚成体,,,,,,,,,,,,,,,
1009,金猫雌性亚成体,金猫,雌性,亚成体,,,,,,,,,,,,,,,
1010,金猫亚成体,金猫,无法区分,亚成体,,,,,,,,,,,,,,,
1011,金猫幼体,金猫,无法区分,幼体,,,,,,,,,,,,,,,
1012,金猫,金猫,无法区分,无法区分,,,,,,,,,,,,,,,
1013,煤山雀雄性成体,煤山雀,雄性,成体,,,,,,,,,,,,,,,
1014,煤山雀雌性成体,煤山雀,雌性,成体,,,,,,,,,,,,,,,
1015,煤山雀成体,煤山雀,无法区分,成体,,,,,,,,,,,,,,,
1016,煤山雀雄性亚成体,煤山雀,雄性,亚成体,,,,,,,,,,,,,,,
1017,煤山雀雌性亚成体,煤山雀,雌性,亚成体,,,,,,,,,,,,,,,
1018,煤山雀亚成体,煤山雀,无法区分,亚成体,,,,,,,,,,,,,,,
1019,煤山雀幼体,煤山雀,无法区分,幼体,,,,,,,,,,,,,,,
1020,煤山雀,煤山雀,无法区分,无法区分,,,,,,,,,,,,,,,
1021,煤山雀,煤山雀,无法区分,无法区分,,,,,,,,,,,,,,,
1022,绿尾虹雉雄性成体,绿尾虹雉,雄性,成体,,,,,,,,,,,,,,,
1023,绿尾虹雉雌性成体,绿尾虹雉,雌性,成体,,,,,,,,,,,,,,,
1024,绿尾虹雉成体,绿尾虹雉,无法区分,成体,,,,,,,,,,,,,,,
1025,绿尾虹雉雄性亚成体,绿尾虹雉,雄性,亚成体,,,,,,,,,,,,,,,
1026,绿尾虹雉雌性亚成体,绿尾虹雉,雌性,亚成体,,,,,,,,,,,,,,,
1027,绿尾虹雉亚成体,绿尾虹雉,无法区分,亚成体,,,,,,,,,,,,,,,
1028,绿尾虹雉幼体,绿尾虹雉,无法区分,幼体,,,,,,,,,,,,,,,
1029,绿尾虹雉,绿尾虹雉,无法区分,无法区分,,,,,,,,,,,,,,,
1030,绿翅短脚鹎雄性成体,绿翅短脚鹎,雄性,成体,,,,,,,,,,,,,,,
1031,绿翅短脚鹎雌性成体,绿翅短脚鹎,雌性,成体,,,,,,,,,,,,,,,
1032,绿翅短脚鹎成体,绿翅短脚鹎,无法区分,成体,,,,,,,,,,,,,,,
1033,绿翅短脚鹎雄性亚成体,绿翅短脚鹎,雄性,亚成体,,,,,,,,,,,,,,,
1034,绿翅短脚鹎雌性亚成体,绿翅短脚鹎,雌性,亚成体,,,,,,,,,,,,,,,
1035,绿翅短脚鹎亚成体,绿翅短脚鹎,无法区分,亚成体,,,,,,,,,,,,,,,
1036,绿翅短脚鹎幼体,绿翅短脚鹎,无法区分,幼体,,,,,,,,,,,,,,,
1037,绿翅短脚鹎,绿翅短脚鹎,无法区分,无法区分,,,,,,,,,,,,,,,
1038,红喉雉鹑雄性成体,红喉雉鹑,雄性,成体,,,,,,,,,,,,,,,
1039,红喉雉鹑雌性成体,红喉雉鹑,雌性,成体,,,,,,,,,,,,,,,
1040,红喉雉鹑成体,红喉雉鹑,无法区分,成体,,,,,,,,,,,,,,,
1041,红喉雉鹑雄性亚成体,红喉雉鹑,雄性,亚成体,,,,,,,,,,,,,,,
1042,红喉雉鹑雌性亚成体,红喉雉鹑,雌性,亚成体,,,,,,,,,,,,,,,
1043,红喉雉鹑亚成体,红喉雉鹑,无法区分,亚成体,,,,,,,,,,,,,,,
1044,红喉雉鹑幼体,红喉雉鹑,无法区分,幼体,,,,,,,,,,,,,,,
1045,红喉雉鹑,红喉雉鹑,无法区分,无法区分,,,,,,,,,,,,,,,
1046,山噪鹛雄性成体,山噪鹛,雄性,成体,,,,,,,,,,,,,,,
1047,山噪鹛雌性成体,山噪鹛,雌性,成体,,,,,,,,,,,,,,,
1048,山噪鹛成体,山噪鹛,无法区分,成体,,,,,,,,,,,,,,,
1049,山噪鹛雄性亚成体,山噪鹛,雄性,亚成体,,,,,,,,,,,,,,,
1050,山噪鹛雌性亚成体,山噪鹛,雌性,亚成体,,,,,,,,,,,,,,,
1051,山噪鹛亚成体,山噪鹛,无法区分,亚成体,,,,,,,,,,,,,,,
1052,山噪鹛幼体,山噪鹛,无法区分,幼体,,,,,,,,,,,,,,,
1053,山噪鹛,山噪鹛,无法区分,无法区分,,,,,,,,,,,,,,,
1054,淡背地鸫雄性成体,淡背地鸫,雄性,成体,,,,,,,,,,,,,,,
1055,淡背地鸫雌性成体,淡背地鸫,雌性,成体,,,,,,,,,,,,,,,
1056,淡背地鸫成体,淡背地鸫,无法区分,成体,,,,,,,,,,,,,,,
1057,淡背地鸫雄性亚成体,淡背地鸫,雄性,亚成体,,,,,,,,,,,,,,,
1058,淡背地鸫雌性亚成体,淡背地鸫,雌性,亚成体,,,,,,,,,,,,,,,
1059,淡背地鸫亚成体,淡背地鸫,无法区分,亚成体,,,,,,,,,,,,,,,
1060,淡背地鸫幼体,淡背地鸫,无法区分,幼体,,,,,,,,,,,,,,,
1061,淡背地鸫,淡背地鸫,无法区分,无法区分,,,,,,,,,,,,,,,
1062,红头咬鹃雄性成体,红头咬鹃,雄性,成体,,,,,,,,,,,,,,,
1063,红头咬鹃雌性成体,红头咬鹃,雌性,成体,,,,,,,,,,,,,,,
1064,红头咬鹃成体,红头咬鹃,无法区分,成体,,,,,,,,,,,,,,,
1065,红头咬鹃雄性亚成体,红头咬鹃,雄性,亚成体,,,,,,,,,,,,,,,
1066,红头咬鹃雌性亚成体,红头咬鹃,雌性,亚成体,,,,,,,,,,,,,,,
1067,红头咬鹃亚成体,红头咬鹃,无法区分,亚成体,,,,,,,,,,,,,,,
1068,红头咬鹃幼体,红头咬鹃,无法区分,幼体,,,,,,,,,,,,,,,
1069,红头咬鹃,红头咬鹃,无法区分,无法区分,,,,,,,,,,,,,,,
1070,贡山麂雄性成体,贡山麂,雄性,成体,,,,,,,,,,,,,,,
1071,贡山麂雌性成体,贡山麂,雌性,成体,,,,,,,,,,,,,,,
1072,贡山麂成体,贡山麂,无法区分,成体,,,,,,,,,,,,,,,
1073,贡山麂雄性亚成体,贡山麂,雄性,亚成体,,,,,,,,,,,,,,,
1074,贡山麂雌性亚成体,贡山麂,雌性,亚成体,,,,,,,,,,,,,,,
1075,贡山麂亚成体,贡山麂,无法区分,亚成体,,,,,,,,,,,,,,,
1076,贡山麂幼体,贡山麂,无法区分,幼体,,,,,,,,,,,,,,,
1077,贡山麂,贡山麂,无法区分,无法区分,,,,,,,,,,,,,,,
1078,领鸺鹠雄性成体,领鸺鹠,雄性,成体,,,,,,,,,,,,,,,
1079,领鸺鹠雌性成体,领鸺鹠,雌性,成体,,,,,,,,,,,,,,,
1080,领鸺鹠成体,领鸺鹠,无法区分,成体,,,,,,,,,,,,,,,
1081,领鸺鹠雄性亚成体,领鸺鹠,雄性,亚成体,,,,,,,,,,,,,,,
1082,领鸺鹠雌性亚成体,领鸺鹠,雌性,亚成体,,,,,,,,,,,,,,,
1083,领鸺鹠亚成体,领鸺鹠,无法区分,亚成体,,,,,,,,,,,,,,,
1084,领鸺鹠幼体,领鸺鹠,无法区分,幼体,,,,,,,,,,,,,,,
1085,领鸺鹠,领鸺鹠,无法区分,无法区分,,,,,,,,,,,,,,,
1086,白眉林鸲雄性成体,白眉林鸲,雄性,成体,,,,,,,,,,,,,,,
1087,白眉林鸲雌性成体,白眉林鸲,雌性,成体,,,,,,,,,,,,,,,
1088,白眉林鸲成体,白眉林鸲,无法区分,成体,,,,,,,,,,,,,,,
1089,白眉林鸲雄性亚成体,白眉林鸲,雄性,亚成体,,,,,,,,,,,,,,,
1090,白眉林鸲雌性亚成体,白眉林鸲,雌性,亚成体,,,,,,,,,,,,,,,
1091,白眉林鸲亚成体,白眉林鸲,无法区分,亚成体,,,,,,,,,,,,,,,
1092,白眉林鸲幼体,白眉林鸲,无法区分,幼体,,,,,,,,,,,,,,,
1093,白眉林鸲,白眉林鸲,无法区分,无法区分,,,,,,,,,,,,,,,
1094,雪鸮雄性成体,雪鸮,雄性,成体,,,,,,,,,,,,,,,
1095,雪鸮雌性成体,雪鸮,雌性,成体,,,,,,,,,,,,,,,
1096,雪鸮成体,雪鸮,无法区分,成体,,,,,,,,,,,,,,,
1097,雪鸮雄性亚成体,雪鸮,雄性,亚成体,,,,,,,,,,,,,,,
1098,雪鸮雌性亚成体,雪鸮,雌性,亚成体,,,,,,,,,,,,,,,
1099,雪鸮亚成体,雪鸮,无法区分,亚成体,,,,,,,,,,,,,,,
1100,雪鸮幼体,雪鸮,无法区分,幼体,,,,,,,,,,,,,,,
1101,雪鸮,雪鸮,无法区分,无法区分,,,,,,,,,,,,,,,
1102,喜鹊雄性成体,喜鹊,雄性,成体,,,,,,,,,,,,,,,
1103,喜鹊雌性成体,喜鹊,雌性,成体,,,,,,,,,,,,,,,
1104,喜鹊成体,喜鹊,无法区分,成体,,,,,,,,,,,,,,,
1105,喜鹊雄性亚成体,喜鹊,雄性,亚成体,,,,,,,,,,,,,,,
1106,喜鹊雌性亚成体,喜鹊,雌性,亚成体,,,,,,,,,,,,,,,
1107,喜鹊亚成体,喜鹊,无法区分,亚成体,,,,,,,,,,,,,,,
1108,喜鹊幼体,喜鹊,无法区分,幼体,,,,,,,,,,,,,,,
1109,喜鹊,喜鹊,无法区分,无法区分,,,,,,,,,,,,,,,
1110,乌灰鸫雄性成体,乌灰鸫,雄性,成体,,,,,,,,,,,,,,,
1111,乌灰鸫雌性成体,乌灰鸫,雌性,成体,,,,,,,,,,,,,,,
1112,乌灰鸫成体,乌灰鸫,无法区分,成体,,,,,,,,,,,,,,,
1113,乌灰鸫雄性亚成体,乌灰鸫,雄性,亚成体,,,,,,,,,,,,,,,
1114,乌灰鸫雌性亚成体,乌灰鸫,雌性,亚成体,,,,,,,,,,,,,,,
1115,乌灰鸫亚成体,乌灰鸫,无法区分,亚成体,,,,,,,,,,,,,,,
1116,乌灰鸫幼体,乌灰鸫,无法区分,幼体,,,,,,,,,,,,,,,
1117,乌灰鸫,乌灰鸫,无法区分,无法区分,,,,,,,,,,,,,,,
1118,灰头灰雀雄性成体,灰头灰雀,雄性,成体,,,,,,,,,,,,,,,
1119,灰头灰雀雌性成体,灰头灰雀,雌性,成体,,,,,,,,,,,,,,,
1120,灰头灰雀成体,灰头灰雀,无法区分,成体,,,,,,,,,,,,,,,
1121,灰头灰雀雄性亚成体,灰头灰雀,雄性,亚成体,,,,,,,,,,,,,,,
1122,灰头灰雀雌性亚成体,灰头灰雀,雌性,亚成体,,,,,,,,,,,,,,,
1123,灰头灰雀亚成体,灰头灰雀,无法区分,亚成体,,,,,,,,,,,,,,,
1124,灰头灰雀幼体,灰头灰雀,无法区分,幼体,,,,,,,,,,,,,,,
1125,灰头灰雀,灰头灰雀,无法区分,无法区分,,,,,,,,,,,,,,,
1126,灰头鸦雀雄性成体,灰头鸦雀,雄性,成体,,,,,,,,,,,,,,,
1127,灰头鸦雀雌性成体,灰头鸦雀,雌性,成体,,,,,,,,,,,,,,,
1128,灰头鸦雀成体,灰头鸦雀,无法区分,成体,,,,,,,,,,,,,,,
1129,灰头鸦雀雄性亚成体,灰头鸦雀,雄性,亚成体,,,,,,,,,,,,,,,
1130,灰头鸦雀雌性亚成体,灰头鸦雀,雌性,亚成体,,,,,,,,,,,,,,,
1131,灰头鸦雀亚成体,灰头鸦雀,无法区分,亚成体,,,,,,,,,,,,,,,
1132,灰头鸦雀幼体,灰头鸦雀,无法区分,幼体,,,,,,,,,,,,,,,
1133,灰头鸦雀,灰头鸦雀,无法区分,无法区分,,,,,,,,,,,,,,,
1134,白尾蓝地鸲雄性成体,白尾蓝地鸲,雄性,成体,,,,,,,,,,,,,,,
1135,白尾蓝地鸲雌性成体,白尾蓝地鸲,雌性,成体,,,,,,,,,,,,,,,
1136,白尾蓝地鸲成体,白尾蓝地鸲,无法区分,成体,,,,,,,,,,,,,,,
1137,白尾蓝地鸲雄性亚成体,白尾蓝地鸲,雄性,亚成体,,,,,,,,,,,,,,,
1138,白尾蓝地鸲雌性亚成体,白尾蓝地鸲,雌性,亚成体,,,,,,,,,,,,,,,
1139,白尾蓝地鸲亚成体,白尾蓝地鸲,无法区分,亚成体,,,,,,,,,,,,,,,
1140,白尾蓝地鸲幼体,白尾蓝地鸲,无法区分,幼体,,,,,,,,,,,,,,,
1141,白尾蓝地鸲,白尾蓝地鸲,无法区分,无法区分,,,,,,,,,,,,,,,
1142,环颈雉雄性成体,环颈雉,雄性,成体,,,,,,,,,,,,,,,
1143,环颈雉雌性成体,环颈雉,雌性,成体,,,,,,,,,,,,,,,
1144,环颈雉成体,环颈雉,无法区分,成体,,,,,,,,,,,,,,,
1145,环颈雉雄性亚成体,环颈雉,雄性,亚成体,,,,,,,,,,,,,,,
1146,环颈雉雌性亚成体,环颈雉,雌性,亚成体,,,,,,,,,,,,,,,
1147,环颈雉亚成体,环颈雉,无法区分,亚成体,,,,,,,,,,,,,,,
1148,环颈雉幼体,环颈雉,无法区分,幼体,,,,,,,,,,,,,,,
1149,环颈雉,环颈雉,无法区分,无法区分,,,,,,,,,,,,,,,
1150,狼雄性成体,狼,雄性,成体,,,,,,,,,,,,,,,
1151,狼雌性成体,狼,雌性,成体,,,,,,,,,,,,,,,
1152,狼成体,狼,无法区分,成体,,,,,,,,,,,,,,,
1153,狼雄性亚成体,狼,雄性,亚成体,,,,,,,,,,,,,,,
1154,狼雌性亚成体,狼,雌性,亚成体,,,,,,,,,,,,,,,
1155,狼亚成体,狼,无法区分,亚成体,,,,,,,,,,,,,,,
1156,狼幼体,狼,无法区分,幼体,,,,,,,,,,,,,,,
1157,狼,狼,无法区分,无法区分,,,,,,,,,,,,,,,
1158,白顶溪鸲雄性成体,白顶溪鸲,雄性,成体,,,,,,,,,,,,,,,
1159,白顶溪鸲雌性成体,白顶溪鸲,雌性,成体,,,,,,,,,,,,,,,
1160,白顶溪鸲成体,白顶溪鸲,无法区分,成体,,,,,,,,,,,,,,,
1161,白顶溪鸲雄性亚成体,白顶溪鸲,雄性,亚成体,,,,,,,,,,,,,,,
1162,白顶溪鸲雌性亚成体,白顶溪鸲,雌性,亚成体,,,,,,,,,,,,,,,
1163,白顶溪鸲亚成体,白顶溪鸲,无法区分,亚成体,,,,,,,,,,,,,,,
1164,白顶溪鸲幼体,白顶溪鸲,无法区分,幼体,,,,,,,,,,,,,,,
1165,白顶溪鸲,白顶溪鸲,无法区分,无法区分,,,,,,,,,,,,,,,
1166,黑短脚鹎雄性成体,黑短脚鹎,雄性,成体,,,,,,,,,,,,,,,
1167,黑短脚鹎雌性成体,黑短脚鹎,雌性,成体,,,,,,,,,,,,,,,
1168,黑短脚鹎成体,黑短脚鹎,无法区分,成体,,,,,,,,,,,,,,,
1169,黑短脚鹎雄性亚成体,黑短脚鹎,雄性,亚成体,,,,,,,,,,,,,,,
1170,黑短脚鹎雌性亚成体,黑短脚鹎,雌性,亚成体,,,,,,,,,,,,,,,
1171,黑短脚鹎亚成体,黑短脚鹎,无法区分,亚成体,,,,,,,,,,,,,,,
1172,黑短脚鹎幼体,黑短脚鹎,无法区分,幼体,,,,,,,,,,,,,,,
1173,黑短脚鹎,黑短脚鹎,无法区分,无法区分,,,,,,,,,,,,,,,
1174,褐头雀鹛雄性成体,褐头雀鹛,雄性,成体,,,,,,,,,,,,,,,
1175,褐头雀鹛雌性成体,褐头雀鹛,雌性,成体,,,,,,,,,,,,,,,
1176,褐头雀鹛成体,褐头雀鹛,无法区分,成体,,,,,,,,,,,,,,,
1177,褐头雀鹛雄性亚成体,褐头雀鹛,雄性,亚成体,,,,,,,,,,,,,,,
1178,褐头雀鹛雌性亚成体,褐头雀鹛,雌性,亚成体,,,,,,,,,,,,,,,
1179,褐头雀鹛亚成体,褐头雀鹛,无法区分,亚成体,,,,,,,,,,,,,,,
1180,褐头雀鹛幼体,褐头雀鹛,无法区分,幼体,,,,,,,,,,,,,,,
1181,褐头雀鹛,褐头雀鹛,无法区分,无法区分,,,,,,,,,,,,,,,
1182,领雀嘴鹎雄性成体,领雀嘴鹎,雄性,成体,,,,,,,,,,,,,,,
1183,领雀嘴鹎雌性成体,领雀嘴鹎,雌性,成体,,,,,,,,,,,,,,,
1184,领雀嘴鹎成体,领雀嘴鹎,无法区分,成体,,,,,,,,,,,,,,,
1185,领雀嘴鹎雄性亚成体,领雀嘴鹎,雄性,亚成体,,,,,,,,,,,,,,,
1186,领雀嘴鹎雌性亚成体,领雀嘴鹎,雌性,亚成体,,,,,,,,,,,,,,,
1187,领雀嘴鹎亚成体,领雀嘴鹎,无法区分,亚成体,,,,,,,,,,,,,,,
1188,领雀嘴鹎幼体,领雀嘴鹎,无法区分,幼体,,,,,,,,,,,,,,,
1189,领雀嘴鹎,领雀嘴鹎,无法区分,无法区分,,,,,,,,,,,,,,,
1190,斑尾榛鸡雄性成体,斑尾榛鸡,雄性,成体,,,,,,,,,,,,,,,
1191,斑尾榛鸡雌性成体,斑尾榛鸡,雌性,成体,,,,,,,,,,,,,,,
1192,斑尾榛鸡成体,斑尾榛鸡,无法区分,成体,,,,,,,,,,,,,,,
1193,斑尾榛鸡雄性亚成体,斑尾榛鸡,雄性,亚成体,,,,,,,,,,,,,,,
1194,斑尾榛鸡雌性亚成体,斑尾榛鸡,雌性,亚成体,,,,,,,,,,,,,,,
1195,斑尾榛鸡亚成体,斑尾榛鸡,无法区分,亚成体,,,,,,,,,,,,,,,
1196,斑尾榛鸡幼体,斑尾榛鸡,无法区分,幼体,,,,,,,,,,,,,,,
1197,斑尾榛鸡,斑尾榛鸡,无法区分,无法区分,,,,,,,,,,,,,,,
1198,暗绿绣眼鸟雄性成体,暗绿绣眼鸟,雄性,成体,,,,,,,,,,,,,,,
1199,暗绿绣眼鸟雌性成体,暗绿绣眼鸟,雌性,成体,,,,,,,,,,,,,,,
1200,暗绿绣眼鸟成体,暗绿绣眼鸟,无法区分,成体,,,,,,,,,,,,,,,
1201,暗绿绣眼鸟雄性亚成体,暗绿绣眼鸟,雄性,亚成体,,,,,,,,,,,,,,,
1202,暗绿绣眼鸟雌性亚成体,暗绿绣眼鸟,雌性,亚成体,,,,,,,,,,,,,,,
1203,暗绿绣眼鸟亚成体,暗绿绣眼鸟,无法区分,亚成体,,,,,,,,,,,,,,,
1204,暗绿绣眼鸟幼体,暗绿绣眼鸟,无法区分,幼体,,,,,,,,,,,,,,,
1205,暗绿绣眼鸟,暗绿绣眼鸟,无法区分,无法区分,,,,,,,,,,,,,,,
1206,红尾伯劳雄性成体,红尾伯劳,雄性,成体,,,,,,,,,,,,,,,
1207,红尾伯劳雌性成体,红尾伯劳,雌性,成体,,,,,,,,,,,,,,,
1208,红尾伯劳成体,红尾伯劳,无法区分,成体,,,,,,,,,,,,,,,
1209,红尾伯劳雄性亚成体,红尾伯劳,雄性,亚成体,,,,,,,,,,,,,,,
1210,红尾伯劳雌性亚成体,红尾伯劳,雌性,亚成体,,,,,,,,,,,,,,,
1211,红尾伯劳亚成体,红尾伯劳,无法区分,亚成体,,,,,,,,,,,,,,,
1212,红尾伯劳幼体,红尾伯劳,无法区分,幼体,,,,,,,,,,,,,,,
1213,红尾伯劳,红尾伯劳,无法区分,无法区分,,,,,,,,,,,,,,,
1214,倭花鼠雄性成体,倭花鼠,雄性,成体,,,,,,,,,,,,,,,
1215,倭花鼠雌性成体,倭花鼠,雌性,成体,,,,,,,,,,,,,,,
1216,倭花鼠成体,倭花鼠,无法区分,成体,,,,,,,,,,,,,,,
1217,倭花鼠雄性亚成体,倭花鼠,雄性,亚成体,,,,,,,,,,,,,,,
1218,倭花鼠雌性亚成体,倭花鼠,雌性,亚成体,,,,,,,,,,,,,,,
1219,倭花鼠亚成体,倭花鼠,无法区分,亚成体,,,,,,,,,,,,,,,
1220,倭花鼠劳幼体,倭花鼠,无法区分,幼体,,,,,,,,,,,,,,,
1221,倭花鼠,倭花鼠,无法区分,无法区分,,,,,,,,,,,,,,,
1222,灰孔雀雉雄性成体,灰孔雀雉,雄性,成体,,,,,,,,,,,,,,,
1223,灰孔雀雉雌性成体,灰孔雀雉,雌性,成体,,,,,,,,,,,,,,,
1224,灰孔雀雉成体,灰孔雀雉,无法区分,成体,,,,,,,,,,,,,,,
1225,灰孔雀雉雄性亚成体,灰孔雀雉,雄性,亚成体,,,,,,,,,,,,,,,
1226,灰孔雀雉雌性亚成体,灰孔雀雉,雌性,亚成体,,,,,,,,,,,,,,,
1227,灰孔雀雉亚成体,灰孔雀雉,无法区分,亚成体,,,,,,,,,,,,,,,
1228,灰孔雀雉幼体,灰孔雀雉,无法区分,幼体,,,,,,,,,,,,,,,
1229,灰孔雀雉,灰孔雀雉,无法区分,无法区分,,,,,,,,,,,,,,,
1230,北红尾鸲雄性成体,北红尾鸲,雄性,成体,,,,,,,,,,,,,,,
1231,北红尾鸲雌性成体,北红尾鸲,雌性,成体,,,,,,,,,,,,,,,
1232,北红尾鸲成体,北红尾鸲,无法区分,成体,,,,,,,,,,,,,,,
1233,北红尾鸲雄性亚成体,北红尾鸲,雄性,亚成体,,,,,,,,,,,,,,,
1234,北红尾鸲雌性亚成体,北红尾鸲,雌性,亚成体,,,,,,,,,,,,,,,
1235,北红尾鸲亚成体,北红尾鸲,无法区分,亚成体,,,,,,,,,,,,,,,
1236,北红尾鸲幼体,北红尾鸲,无法区分,幼体,,,,,,,,,,,,,,,
1237,北红尾鸲,北红尾鸲,无法区分,无法区分,,,,,,,,,,,,,,,
1238,大山雀雄性成体,大山雀,雄性,成体,,,,,,,,,,,,,,,
1239,大山雀雌性成体,大山雀,雌性,成体,,,,,,,,,,,,,,,
1240,大山雀成体,大山雀,无法区分,成体,,,,,,,,,,,,,,,
1241,大山雀雄性亚成体,大山雀,雄性,亚成体,,,,,,,,,,,,,,,
1242,大山雀雌性亚成体,大山雀,雌性,亚成体,,,,,,,,,,,,,,,
1243,大山雀亚成体,大山雀,无法区分,亚成体,,,,,,,,,,,,,,,
1244,大山雀幼体,大山雀,无法区分,幼体,,,,,,,,,,,,,,,
1245,大山雀,大山雀,无法区分,无法区分,,,,,,,,,,,,,,,
1246,栗背短脚鹎雄性成体,栗背短脚鹎,雄性,成体,,,,,,,,,,,,,,,
1247,栗背短脚鹎雌性成体,栗背短脚鹎,雌性,成体,,,,,,,,,,,,,,,
1248,栗背短脚鹎成体,栗背短脚鹎,无法区分,成体,,,,,,,,,,,,,,,
1249,栗背短脚鹎雄性亚成体,栗背短脚鹎,雄性,亚成体,,,,,,,,,,,,,,,
1250,栗背短脚鹎雌性亚成体,栗背短脚鹎,雌性,亚成体,,,,,,,,,,,,,,,
1251,栗背短脚鹎亚成体,栗背短脚鹎,无法区分,亚成体,,,,,,,,,,,,,,,
1252,栗背短脚鹎幼体,栗背短脚鹎,无法区分,幼体,,,,,,,,,,,,,,,
1253,栗背短脚鹎,栗背短脚鹎,无法区分,无法区分,,,,,,,,,,,,,,,
1254,金色林鸲雄性成体,金色林鸲,雄性,成体,,,,,,,,,,,,,,,
1255,金色林鸲雌性成体,金色林鸲,雌性,成体,,,,,,,,,,,,,,,
1256,金色林鸲成体,金色林鸲,无法区分,成体,,,,,,,,,,,,,,,
1257,金色林鸲雄性亚成体,金色林鸲,雄性,亚成体,,,,,,,,,,,,,,,
1258,金色林鸲雌性亚成体,金色林鸲,雌性,亚成体,,,,,,,,,,,,,,,
1259,金色林鸲亚成体,金色林鸲,无法区分,亚成体,,,,,,,,,,,,,,,
1260,金色林鸲幼体,金色林鸲,无法区分,幼体,,,,,,,,,,,,,,,
1261,金色林鸲,金色林鸲,无法区分,无法区分,,,,,,,,,,,,,,,
1262,蓝歌鸲雄性成体,蓝歌鸲,雄性,成体,,,,,,,,,,,,,,,
1263,蓝歌鸲雌性成体,蓝歌鸲,雌性,成体,,,,,,,,,,,,,,,
1264,蓝歌鸲成体,蓝歌鸲,无法区分,成体,,,,,,,,,,,,,,,
1265,蓝歌鸲雄性亚成体,蓝歌鸲,雄性,亚成体,,,,,,,,,,,,,,,
1266,蓝歌鸲雌性亚成体,蓝歌鸲,雌性,亚成体,,,,,,,,,,,,,,,
1267,蓝歌鸲亚成体,蓝歌鸲,无法区分,亚成体,,,,,,,,,,,,,,,
1268,蓝歌鸲幼体,蓝歌鸲,无法区分,幼体,,,,,,,,,,,,,,,
1269,蓝歌鸲,蓝歌鸲,无法区分,无法区分,,,,,,,,,,,,,,,
1270,红翅凤头鹛雄性成体,红翅凤头鹛,雄性,成体,,,,,,,,,,,,,,,
1271,红翅凤头鹛雌性成体,红翅凤头鹛,雌性,成体,,,,,,,,,,,,,,,
1272,红翅凤头鹛成体,红翅凤头鹛,无法区分,成体,,,,,,,,,,,,,,,
1273,红翅凤头鹛雄性亚成体,红翅凤头鹛,雄性,亚成体,,,,,,,,,,,,,,,
1274,红翅凤头鹛雌性亚成体,红翅凤头鹛,雌性,亚成体,,,,,,,,,,,,,,,
1275,红翅凤头鹛亚成体,红翅凤头鹛,无法区分,亚成体,,,,,,,,,,,,,,,
1276,红翅凤头鹛幼体,红翅凤头鹛,无法区分,幼体,,,,,,,,,,,,,,,
1277,红翅凤头鹛,红翅凤头鹛,无法区分,无法区分,,,,,,,,,,,,,,,
1278,白颊山鹧鸪雄性成体,白颊山鹧鸪,雄性,成体,,,,,,,,,,,,,,,
1279,白颊山鹧鸪雌性成体,白颊山鹧鸪,雌性,成体,,,,,,,,,,,,,,,
1280,白颊山鹧鸪成体,白颊山鹧鸪,无法区分,成体,,,,,,,,,,,,,,,
1281,白颊山鹧鸪雄性亚成体,白颊山鹧鸪,雄性,亚成体,,,,,,,,,,,,,,,
1282,白颊山鹧鸪雌性亚成体,白颊山鹧鸪,雌性,亚成体,,,,,,,,,,,,,,,
1283,白颊山鹧鸪亚成体,白颊山鹧鸪,无法区分,亚成体,,,,,,,,,,,,,,,
1284,白颊山鹧鸪幼体,白颊山鹧鸪,无法区分,幼体,,,,,,,,,,,,,,,
1285,白颊山鹧鸪,白颊山鹧鸪,无法区分,无法区分,,,,,,,,,,,,,,,
1286,锡嘴雀雄性成体,锡嘴雀,雄性,成体,,,,,,,,,,,,,,,
1287,锡嘴雀雌性成体,锡嘴雀,雌性,成体,,,,,,,,,,,,,,,
1288,锡嘴雀雉成体,锡嘴雀,无法区分,成体,,,,,,,,,,,,,,,
1289,锡嘴雀雄性亚成体,锡嘴雀,雄性,亚成体,,,,,,,,,,,,,,,
1290,锡嘴雀雌性亚成体,锡嘴雀,雌性,亚成体,,,,,,,,,,,,,,,
1291,锡嘴雀亚成体,锡嘴雀,无法区分,亚成体,,,,,,,,,,,,,,,
1292,锡嘴雀幼体,锡嘴雀,无法区分,幼体,,,,,,,,,,,,,,,
1293,锡嘴雀,锡嘴雀,无法区分,无法区分,,,,,,,,,,,,,,,
1294,棕腹大仙鹟雄性成体,棕腹大仙鹟,雄性,成体,,,,,,,,,,,,,,,
1295,棕腹大仙鹟雌性成体,棕腹大仙鹟,雌性,成体,,,,,,,,,,,,,,,
1296,棕腹大仙鹟成体,棕腹大仙鹟,无法区分,成体,,,,,,,,,,,,,,,
1297,棕腹大仙鹟雄性亚成体,棕腹大仙鹟,雄性,亚成体,,,,,,,,,,,,,,,
1298,棕腹大仙鹟雌性亚成体,棕腹大仙鹟,雌性,亚成体,,,,,,,,,,,,,,,
1299,棕腹大仙鹟亚成体,棕腹大仙鹟,无法区分,亚成体,,,,,,,,,,,,,,,
1300,棕腹大仙鹟幼体,棕腹大仙鹟,无法区分,幼体,,,,,,,,,,,,,,,
1301,棕腹大仙鹟,棕腹大仙鹟,无法区分,无法区分,,,,,,,,,,,,,,,
1302,黄喉鹀雄性成体,黄喉鹀,雄性,成体,,,,,,,,,,,,,,,
1303,黄喉鹀雌性成体,黄喉鹀,雌性,成体,,,,,,,,,,,,,,,
1304,黄喉鹀雉成体,黄喉鹀,无法区分,成体,,,,,,,,,,,,,,,
1305,黄喉鹀雄性亚成体,黄喉鹀,雄性,亚成体,,,,,,,,,,,,,,,
1306,黄喉鹀雌性亚成体,黄喉鹀,雌性,亚成体,,,,,,,,,,,,,,,
1307,黄喉鹀亚成体,黄喉鹀,无法区分,亚成体,,,,,,,,,,,,,,,
1308,黄喉鹀幼体,黄喉鹀,无法区分,幼体,,,,,,,,,,,,,,,
1309,黄喉鹀,黄喉鹀,无法区分,无法区分,,,,,,,,,,,,,,,
1310,岩羊雄性成体,岩羊,雄性,成体,,,,,,,,,,,,,,,
1311,岩羊雌性成体,岩羊,雌性,成体,,,,,,,,,,,,,,,
1312,岩羊成体,岩羊,无法区分,成体,,,,,,,,,,,,,,,
1313,岩羊雄性亚成体,岩羊,雄性,亚成体,,,,,,,,,,,,,,,
1314,岩羊雌性亚成体,岩羊,雌性,亚成体,,,,,,,,,,,,,,,
1315,岩羊亚成体,岩羊,无法区分,亚成体,,,,,,,,,,,,,,,
1316,岩羊幼体,岩羊,无法区分,幼体,,,,,,,,,,,,,,,
1317,岩羊,岩羊,无法区分,无法区分,,,,,,,,,,,,,,,
1318,白腰鹊鸲雄性成体,白腰鹊鸲,雄性,成体,,,,,,,,,,,,,,,
1319,白腰鹊鸲雌性成体,白腰鹊鸲,雌性,成体,,,,,,,,,,,,,,,
1320,白腰鹊鸲雉成体,白腰鹊鸲,无法区分,成体,,,,,,,,,,,,,,,
1321,白腰鹊鸲雄性亚成体,白腰鹊鸲,雄性,亚成体,,,,,,,,,,,,,,,
1322,白腰鹊鸲雌性亚成体,白腰鹊鸲,雌性,亚成体,,,,,,,,,,,,,,,
1323,白腰鹊鸲亚成体,白腰鹊鸲,无法区分,亚成体,,,,,,,,,,,,,,,
1324,白腰鹊鸲幼体,白腰鹊鸲,无法区分,幼体,,,,,,,,,,,,,,,
1325,白腰鹊鸲,白腰鹊鸲,无法区分,无法区分,,,,,,,,,,,,,,,
1326,棕头幽鹛雄性成体,棕头幽鹛,雄性,成体,,,,,,,,,,,,,,,
1327,棕头幽鹛雌性成体,棕头幽鹛,雌性,成体,,,,,,,,,,,,,,,
1328,棕头幽鹛成体,棕头幽鹛,无法区分,成体,,,,,,,,,,,,,,,
1329,棕头幽鹛雄性亚成体,棕头幽鹛,雄性,亚成体,,,,,,,,,,,,,,,
1330,棕头幽鹛雌性亚成体,棕头幽鹛,雌性,亚成体,,,,,,,,,,,,,,,
1331,棕头幽鹛亚成体,棕头幽鹛,无法区分,亚成体,,,,,,,,,,,,,,,
1332,棕头幽鹛幼体,棕头幽鹛,无法区分,幼体,,,,,,,,,,,,,,,
1333,棕头幽鹛,棕头幽鹛,无法区分,无法区分,,,,,,,,,,,,,,,
1334,仙八色鸫雄性成体,仙八色鸫,雄性,成体,,,,,,,,,,,,,,,
1335,仙八色鸫雌性成体,仙八色鸫,雌性,成体,,,,,,,,,,,,,,,
1336,仙八色鸫成体,仙八色鸫,无法区分,成体,,,,,,,,,,,,,,,
1337,仙八色鸫雄性亚成体,仙八色鸫,雄性,亚成体,,,,,,,,,,,,,,,
1338,仙八色鸫雌性亚成体,仙八色鸫,雌性,亚成体,,,,,,,,,,,,,,,
1339,仙八色鸫亚成体,仙八色鸫,无法区分,亚成体,,,,,,,,,,,,,,,
1340,仙八色鸫幼体,仙八色鸫,无法区分,幼体,,,,,,,,,,,,,,,
1341,仙八色鸫,仙八色鸫,无法区分,无法区分,,,,,,,,,,,,,,,
1342,菲氏叶猴雄性成体,菲氏叶猴,雄性,成体,,,,,,,,,,,,,,,
1343,菲氏叶猴雌性成体,菲氏叶猴,雌性,成体,,,,,,,,,,,,,,,
1344,菲氏叶猴成体,菲氏叶猴,无法区分,成体,,,,,,,,,,,,,,,
1345,菲氏叶猴雄性亚成体,菲氏叶猴,雄性,亚成体,,,,,,,,,,,,,,,
1346,菲氏叶猴雌性亚成体,菲氏叶猴,雌性,亚成体,,,,,,,,,,,,,,,
1347,菲氏叶猴亚成体,菲氏叶猴,无法区分,亚成体,,,,,,,,,,,,,,,
1348,菲氏叶猴幼体,菲氏叶猴,无法区分,幼体,,,,,,,,,,,,,,,
1349,菲氏叶猴,菲氏叶猴,无法区分,无法区分,,,,,,,,,,,,,,,
1350,珠颈斑鸠雄性成体,珠颈斑鸠,雄性,成体,,,,,,,,,,,,,,,
1351,珠颈斑鸠雌性成体,珠颈斑鸠,雌性,成体,,,,,,,,,,,,,,,
1352,珠颈斑鸠成体,珠颈斑鸠,无法区分,成体,,,,,,,,,,,,,,,
1353,珠颈斑鸠雄性亚成体,珠颈斑鸠,雄性,亚成体,,,,,,,,,,,,,,,
1354,珠颈斑鸠雌性亚成体,珠颈斑鸠,雌性,亚成体,,,,,,,,,,,,,,,
1355,珠颈斑鸠亚成体,珠颈斑鸠,无法区分,亚成体,,,,,,,,,,,,,,,
1356,珠颈斑鸠幼体,珠颈斑鸠,无法区分,幼体,,,,,,,,,,,,,,,
1357,珠颈斑鸠,珠颈斑鸠,无法区分,无法区分,,,,,,,,,,,,,,,
1358,花尾榛鸡雄性成体,花尾榛鸡,雄性,成体,,,,,,,,,,,,,,,
1359,花尾榛鸡雌性成体,花尾榛鸡,雌性,成体,,,,,,,,,,,,,,,
1360,花尾榛鸡成体,花尾榛鸡,无法区分,成体,,,,,,,,,,,,,,,
1361,花尾榛鸡雄性亚成体,花尾榛鸡,雄性,亚成体,,,,,,,,,,,,,,,
1362,花尾榛鸡雌性亚成体,花尾榛鸡,雌性,亚成体,,,,,,,,,,,,,,,
1363,花尾榛鸡亚成体,花尾榛鸡,无法区分,亚成体,,,,,,,,,,,,,,,
1364,花尾榛鸡幼体,花尾榛鸡,无法区分,幼体,,,,,,,,,,,,,,,
1365,花尾榛鸡,花尾榛鸡,无法区分,无法区分,,,,,,,,,,,,,,,
1366,蓝额红尾鸲雄性成体,蓝额红尾鸲,雄性,成体,,,,,,,,,,,,,,
1367,蓝额红尾鸲雌性成体,蓝额红尾鸲,雌性,成体,,,,,,,,,,,,,,
1368,蓝额红尾鸲成体,蓝额红尾鸲,无法区分,成体,,,,,,,,,,,,,,
1369,蓝额红尾鸲雄性亚成体,蓝额红尾鸲,雄性,亚成体,,,,,,,,,,,,,,
1370,蓝额红尾鸲雌性亚成体,蓝额红尾鸲,雌性,亚成体,,,,,,,,,,,,,,
1371,蓝额红尾鸲亚成体,蓝额红尾鸲,无法区分,亚成体,,,,,,,,,,,,,,
1372,蓝额红尾鸲幼体,蓝额红尾鸲,无法区分,幼体,,,,,,,,,,,,,,
1373,蓝额红尾鸲,蓝额红尾鸲,无法区分,无法区分,,,,,,,,,,,,,,
1374,白喉矶鸫雄性成体,白喉矶鸫,雄性,成体,,,,,,,,,,,,,,
1375,白喉矶鸫雌性成体,白喉矶鸫,雌性,成体,,,,,,,,,,,,,,
1376,白喉矶鸫成体,白喉矶鸫,无法区分,成体,,,,,,,,,,,,,,,
1377,白喉矶鸫雄性亚成体,白喉矶鸫,雄性,亚成体,,,,,,,,,,,,,,,
1378,白喉矶鸫雌性亚成体,白喉矶鸫,雌性,亚成体,,,,,,,,,,,,,,,
1379,白喉矶鸫亚成体,白喉矶鸫,无法区分,亚成体,,,,,,,,,,,,,,,
1380,白喉矶鸫幼体,白喉矶鸫,无法区分,幼体,,,,,,,,,,,,,,,
1381,白喉矶鸫,白喉矶鸫,无法区分,无法区分,,,,,,,,,,,,,,,
1382,长嘴勾嘴鶥雄性成体,长嘴勾嘴鶥,雄性,成体,,,,,,,,,,,,,,,
1383,长嘴勾嘴鶥雌性成体,长嘴勾嘴鶥,雌性,成体,,,,,,,,,,,,,,,
1384,长嘴勾嘴鶥成体,长嘴勾嘴鶥,无法区分,成体,,,,,,,,,,,,,,,
1385,长嘴勾嘴鶥雄性亚成体,长嘴勾嘴鶥,雄性,亚成体,,,,,,,,,,,,,,,
1386,长嘴勾嘴鶥雌性亚成体,长嘴勾嘴鶥,雌性,亚成体,,,,,,,,,,,,,,,
1387,长嘴勾嘴鶥亚成体,长嘴勾嘴鶥,无法区分,亚成体,,,,,,,,,,,,,,,
1388,长嘴勾嘴鶥幼体,长嘴勾嘴鶥,无法区分,幼体,,,,,,,,,,,,,,,
1389,长嘴勾嘴鶥,长嘴勾嘴鶥,无法区分,无法区分,,,,,,,,,,,,,,,
1390,石鸡雄性成体,石鸡,雄性,成体,,,,,,,,,,,,,,,
1391,石鸡雌性成体,石鸡,雌性,成体,,,,,,,,,,,,,,,
1392,石鸡成体,石鸡,无法区分,成体,,,,,,,,,,,,,,,
1393,石鸡雄性亚成体,石鸡,雄性,亚成体,,,,,,,,,,,,,,,
1394,石鸡雌性亚成体,石鸡,雌性,亚成体,,,,,,,,,,,,,,,
1395,石鸡亚成体,石鸡,无法区分,亚成体,,,,,,,,,,,,,,,
1396,石鸡幼体,石鸡,无法区分,幼体,,,,,,,,,,,,,,,
1397,石鸡,石鸡,无法区分,无法区分,,,,,,,,,,,,,,,
1398,星头啄木鸟雄性成体,星头啄木鸟,雄性,成体,,,,,,,,,,,,,,,
1399,星头啄木鸟雌性成体,星头啄木鸟,雌性,成体,,,,,,,,,,,,,,,
1400,星头啄木鸟成体,星头啄木鸟,无法区分,成体,,,,,,,,,,,,,,,
1401,星头啄木鸟雄性亚成体,星头啄木鸟,雄性,亚成体,,,,,,,,,,,,,,,
1402,星头啄木鸟雌性亚成体,星头啄木鸟,雌性,亚成体,,,,,,,,,,,,,,,
1403,星头啄木鸟亚成体,星头啄木鸟,无法区分,亚成体,,,,,,,,,,,,,,,
1404,星头啄木鸟幼体,星头啄木鸟,无法区分,幼体,,,,,,,,,,,,,,,
1405,星头啄木鸟,星头啄木鸟,无法区分,无法区分,,,,,,,,,,,,,,,
1406,棕胸竹鸡雄性成体,棕胸竹鸡,雄性,成体,,,,,,,,,,,,,,,
1407,棕胸竹鸡雌性成体,棕胸竹鸡,雌性,成体,,,,,,,,,,,,,,,
1408,棕胸竹鸡成体,棕胸竹鸡,无法区分,成体,,,,,,,,,,,,,,,
1409,棕胸竹鸡雄性亚成体,棕胸竹鸡,雄性,亚成体,,,,,,,,,,,,,,,
1410,棕胸竹鸡雌性亚成体,棕胸竹鸡,雌性,亚成体,,,,,,,,,,,,,,,
1411,棕胸竹鸡亚成体,棕胸竹鸡,无法区分,亚成体,,,,,,,,,,,,,,,
1412,棕胸竹鸡幼体,棕胸竹鸡,无法区分,幼体,,,,,,,,,,,,,,,
1413,棕胸竹鸡,棕胸竹鸡,无法区分,无法区分,,,,,,,,,,,,,,,
1414,藏雪鸡雄性成体,藏雪鸡,雄性,成体,,,,,,,,,,,,,,,
1415,藏雪鸡雌性成体,藏雪鸡,雌性,成体,,,,,,,,,,,,,,,
1416,藏雪鸡成体,藏雪鸡,无法区分,成体,,,,,,,,,,,,,,,
1417,藏雪鸡雄性亚成体,藏雪鸡,雄性,亚成体,,,,,,,,,,,,,,,
1418,藏雪鸡雌性亚成体,藏雪鸡,雌性,亚成体,,,,,,,,,,,,,,,
1419,藏雪鸡亚成体,藏雪鸡,无法区分,亚成体,,,,,,,,,,,,,,,
1420,藏雪鸡幼体,藏雪鸡,无法区分,幼体,,,,,,,,,,,,,,,
1421,藏雪鸡,藏雪鸡,无法区分,无法区分,,,,,,,,,,,,,,,
1422,云猫雄性成体,云猫,雄性,成体,,,,,,,,,,,,,,,
1423,云猫雌性成体,云猫,雌性,成体,,,,,,,,,,,,,,,
1424,云猫成体,云猫,无法区分,成体,,,,,,,,,,,,,,,
1425,云猫雄性亚成体,云猫,雄性,亚成体,,,,,,,,,,,,,,,
1426,云猫雌性亚成体,云猫,雌性,亚成体,,,,,,,,,,,,,,,
1427,云猫亚成体,云猫,无法区分,亚成体,,,,,,,,,,,,,,,
1428,云猫幼体,云猫,无法区分,幼体,,,,,,,,,,,,,,,
1429,云猫,云猫,无法区分,无法区分,,,,,,,,,,,,,,,
1430,穿山甲雄性成体,穿山甲,雄性,成体,,,,,,,,,,,,,,,
1431,穿山甲雌性成体,穿山甲,雌性,成体,,,,,,,,,,,,,,,
1432,穿山甲成体,穿山甲,无法区分,成体,,,,,,,,,,,,,,,
1433,穿山甲雄性亚成体,穿山甲,雄性,亚成体,,,,,,,,,,,,,,,
1434,穿山甲雌性亚成体,穿山甲,雌性,亚成体,,,,,,,,,,,,,,,
1435,穿山甲亚成体,穿山甲,无法区分,亚成体,,,,,,,,,,,,,,,
1436,穿山甲幼体,穿山甲,无法区分,幼体,,,,,,,,,,,,,,,
1437,穿山甲,穿山甲,无法区分,无法区分,,,,,,,,,,,,,,,
1438,棕头鸦雀雄性成体,棕头鸦雀,雄性,成体,,,,,,,,,,,,,,,
1439,棕头鸦雀雌性成体,棕头鸦雀,雌性,成体,,,,,,,,,,,,,,,
1440,棕头鸦雀成体,棕头鸦雀,无法区分,成体,,,,,,,,,,,,,,,
1441,棕头鸦雀雄性亚成体,棕头鸦雀,雄性,亚成体,,,,,,,,,,,,,,,
1442,棕头鸦雀雌性亚成体,棕头鸦雀,雌性,亚成体,,,,,,,,,,,,,,,
1443,棕头鸦雀亚成体,棕头鸦雀,无法区分,亚成体,,,,,,,,,,,,,,,
1444,棕头鸦雀幼体,棕头鸦雀,无法区分,幼体,,,,,,,,,,,,,,,
1445,棕头鸦雀,棕头鸦雀,无法区分,无法区分,,,,,,,,,,,,,,,
1446,蓝腹松鼠雄性成体,蓝腹松鼠,雄性,成体,,,,,,,,,,,,,,,
1447,蓝腹松鼠雌性成体,蓝腹松鼠,雌性,成体,,,,,,,,,,,,,,,
1448,蓝腹松鼠成体,蓝腹松鼠,无法区分,成体,,,,,,,,,,,,,,,
1449,蓝腹松鼠雄性亚成体,蓝腹松鼠,雄性,亚成体,,,,,,,,,,,,,,,
1450,蓝腹松鼠雌性亚成体,蓝腹松鼠,雌性,亚成体,,,,,,,,,,,,,,,
1451,蓝腹松鼠亚成体,蓝腹松鼠,无法区分,亚成体,,,,,,,,,,,,,,,
1452,蓝腹松鼠幼体,蓝腹松鼠,无法区分,幼体,,,,,,,,,,,,,,,
1453,蓝腹松鼠,蓝腹松鼠,无法区分,无法区分,,,,,,,,,,,,,,,
1454,石貂雄性成体,石貂,雄性,成体,,,,,,,,,,,,,,,
1455,石貂雌性成体,石貂,雌性,成体,,,,,,,,,,,,,,,
1456,石貂成体,石貂,无法区分,成体,,,,,,,,,,,,,,,
1457,石貂雄性亚成体,石貂,雄性,亚成体,,,,,,,,,,,,,,,
1458,石貂雌性亚成体,石貂,雌性,亚成体,,,,,,,,,,,,,,,
1459,石貂亚成体,石貂,无法区分,亚成体,,,,,,,,,,,,,,,
1460,石貂幼体,石貂,无法区分,幼体,,,,,,,,,,,,,,,
1461,石貂,石貂,无法区分,无法区分,,,,,,,,,,,,,,,
1462,红嘴山鸦雄性成体,红嘴山鸦,雄性,成体,,,,,,,,,,,,,,,
1463,红嘴山鸦雌性成体,红嘴山鸦,雌性,成体,,,,,,,,,,,,,,,
1464,红嘴山鸦成体,红嘴山鸦,无法区分,成体,,,,,,,,,,,,,,,
1465,红嘴山鸦雄性亚成体,红嘴山鸦,雄性,亚成体,,,,,,,,,,,,,,,
1466,红嘴山鸦雌性亚成体,红嘴山鸦,雌性,亚成体,,,,,,,,,,,,,,,
1467,红嘴山鸦亚成体,红嘴山鸦,无法区分,亚成体,,,,,,,,,,,,,,,
1468,红嘴山鸦幼体,红嘴山鸦,无法区分,幼体,,,,,,,,,,,,,,,
1469,红嘴山鸦,红嘴山鸦,无法区分,无法区分,,,,,,,,,,,,,,,
1470,铜蓝鹟雄性成体,铜蓝鹟,雄性,成体,,,,,,,,,,,,,,,
1471,铜蓝鹟雌性成体,铜蓝鹟,雌性,成体,,,,,,,,,,,,,,,
1472,铜蓝鹟成体,铜蓝鹟,无法区分,成体,,,,,,,,,,,,,,,
1473,铜蓝鹟雄性亚成体,铜蓝鹟,雄性,亚成体,,,,,,,,,,,,,,,
1474,铜蓝鹟雌性亚成体,铜蓝鹟,雌性,亚成体,,,,,,,,,,,,,,,
1475,铜蓝鹟亚成体,铜蓝鹟,无法区分,亚成体,,,,,,,,,,,,,,,
1476,铜蓝鹟幼体,铜蓝鹟,无法区分,幼体,,,,,,,,,,,,,,,
1477,铜蓝鹟,铜蓝鹟,无法区分,无法区分,,,,,,,,,,,,,,,
1478,黄臀鹎雄性成体,黄臀鹎,雄性,成体,,,,,,,,,,,,,,,
1479,黄臀鹎雌性成体,黄臀鹎,雌性,成体,,,,,,,,,,,,,,,
1480,黄臀鹎成体,黄臀鹎,无法区分,成体,,,,,,,,,,,,,,,
1481,黄臀鹎雄性亚成体,黄臀鹎,雄性,亚成体,,,,,,,,,,,,,,,
1482,黄臀鹎雌性亚成体,黄臀鹎,雌性,亚成体,,,,,,,,,,,,,,,
1483,黄臀鹎亚成体,黄臀鹎,无法区分,亚成体,,,,,,,,,,,,,,,
1484,黄臀鹎幼体,黄臀鹎,无法区分,幼体,,,,,,,,,,,,,,,
1485,黄臀鹎,黄臀鹎,无法区分,无法区分,,,,,,,,,,,,,,,
1486,灰鼯鼠雄性成体,灰鼯鼠,雄性,成体,,,,,,,,,,,,,,,
1487,灰鼯鼠雌性成体,灰鼯鼠,雌性,成体,,,,,,,,,,,,,,,
1488,灰鼯鼠成体,灰鼯鼠,无法区分,成体,,,,,,,,,,,,,,,
1489,灰鼯鼠雄性亚成体,灰鼯鼠,雄性,亚成体,,,,,,,,,,,,,,,
1490,灰鼯鼠雌性亚成体,灰鼯鼠,雌性,亚成体,,,,,,,,,,,,,,,
1491,灰鼯鼠亚成体,灰鼯鼠,无法区分,亚成体,,,,,,,,,,,,,,,
1492,灰鼯鼠幼体,灰鼯鼠,无法区分,幼体,,,,,,,,,,,,,,,
1493,灰鼯鼠,灰鼯鼠,无法区分,无法区分,,,,,,,,,,,,,,,
1494,棕腹仙鹟雄性成体,棕腹仙鹟,雄性,成体,,,,,,,,,,,,,,,
1495,棕腹仙鹟雌性成体,棕腹仙鹟,雌性,成体,,,,,,,,,,,,,,,
1496,棕腹仙鹟成体,棕腹仙鹟,无法区分,成体,,,,,,,,,,,,,,,
1497,棕腹仙鹟雄性亚成体,棕腹仙鹟,雄性,亚成体,,,,,,,,,,,,,,,
1498,棕腹仙鹟雌性亚成体,棕腹仙鹟,雌性,亚成体,,,,,,,,,,,,,,,
1499,棕腹仙鹟亚成体,棕腹仙鹟,无法区分,亚成体,,,,,,,,,,,,,,,
1500,棕腹仙鹟幼体,棕腹仙鹟,无法区分,幼体,,,,,,,,,,,,,,,
1501,棕腹仙鹟,棕腹仙鹟,无法区分,无法区分,,,,,,,,,,,,,,,
1502,栗腹矶鸫雄性成体,栗腹矶鸫,雄性,成体,,,,,,,,,,,,,,,
1503,栗腹矶鸫雌性成体,栗腹矶鸫,雌性,成体,,,,,,,,,,,,,,,
1504,栗腹矶鸫成体,栗腹矶鸫,无法区分,成体,,,,,,,,,,,,,,,
1505,栗腹矶鸫雄性亚成体,栗腹矶鸫,雄性,亚成体,,,,,,,,,,,,,,,
1506,栗腹矶鸫雌性亚成体,栗腹矶鸫,雌性,亚成体,,,,,,,,,,,,,,,
1507,栗腹矶鸫亚成体,栗腹矶鸫,无法区分,亚成体,,,,,,,,,,,,,,,
1508,栗腹矶鸫幼体,栗腹矶鸫,无法区分,幼体,,,,,,,,,,,,,,,
1509,栗腹矶鸫,栗腹矶鸫,无法区分,无法区分,,,,,,,,,,,,,,,
1510,斑头雁雄性成体,斑头雁,雄性,成体,,,,,,,,,,,,,,,
1511,斑头雁雌性成体,斑头雁,雌性,成体,,,,,,,,,,,,,,,
1512,斑头雁成体,斑头雁,无法区分,成体,,,,,,,,,,,,,,,
1513,斑头雁雄性亚成体,斑头雁,雄性,亚成体,,,,,,,,,,,,,,,
1514,斑头雁雌性亚成体,斑头雁,雌性,亚成体,,,,,,,,,,,,,,,
1515,斑头雁亚成体,斑头雁,无法区分,亚成体,,,,,,,,,,,,,,,
1516,斑头雁幼体,斑头雁,无法区分,幼体,,,,,,,,,,,,,,,
1517,斑头雁,斑头雁,无法区分,无法区分,,,,,,,,,,,,,,,
1518,大噪鹛雄性成体,大噪鹛,雄性,成体,,,,,,,,,,,,,,,
1519,大噪鹛雌性成体,大噪鹛,雌性,成体,,,,,,,,,,,,,,,
1520,大噪鹛成体,大噪鹛,无法区分,成体,,,,,,,,,,,,,,,
1521,大噪鹛雄性亚成体,大噪鹛,雄性,亚成体,,,,,,,,,,,,,,,
1522,大噪鹛雌性亚成体,大噪鹛,雌性,亚成体,,,,,,,,,,,,,,,
1523,大噪鹛亚成体,大噪鹛,无法区分,亚成体,,,,,,,,,,,,,,,
1524,大噪鹛幼体,大噪鹛,无法区分,幼体,,,,,,,,,,,,,,,
1525,大噪鹛,大噪鹛,无法区分,无法区分,,,,,,,,,,,,,,,
1526,大拟啄木鸟雄性成体,大拟啄木鸟,雄性,成体,,,,,,,,,,,,,,,
1527,大拟啄木鸟雌性成体,大拟啄木鸟,雌性,成体,,,,,,,,,,,,,,,
1528,大拟啄木鸟成体,大拟啄木鸟,无法区分,成体,,,,,,,,,,,,,,,
1529,大拟啄木鸟雄性亚成体,大拟啄木鸟,雄性,亚成体,,,,,,,,,,,,,,,
1530,大拟啄木鸟雌性亚成体,大拟啄木鸟,雌性,亚成体,,,,,,,,,,,,,,,
1531,大拟啄木鸟亚成体,大拟啄木鸟,无法区分,亚成体,,,,,,,,,,,,,,,
1532,大拟啄木鸟幼体,大拟啄木鸟,无法区分,幼体,,,,,,,,,,,,,,,
1533,大拟啄木鸟,大拟啄木鸟,无法区分,无法区分,,,,,,,,,,,,,,,
1534,中华鹧鸪雄性成体,中华鹧鸪,雄性,成体,,,,,,,,,,,,,,,
1535,中华鹧鸪雌性成体,中华鹧鸪,雌性,成体,,,,,,,,,,,,,,,
1536,中华鹧鸪成体,中华鹧鸪,无法区分,成体,,,,,,,,,,,,,,,
1537,中华鹧鸪雄性亚成体,中华鹧鸪,雄性,亚成体,,,,,,,,,,,,,,,
1538,中华鹧鸪雌性亚成体,中华鹧鸪,雌性,亚成体,,,,,,,,,,,,,,,
1539,中华鹧鸪亚成体,中华鹧鸪,无法区分,亚成体,,,,,,,,,,,,,,,
1540,中华鹧鸪幼体,中华鹧鸪,无法区分,幼体,,,,,,,,,,,,,,,
1541,中华鹧鸪,中华鹧鸪,无法区分,无法区分,,,,,,,,,,,,,,,
1542,中华竹鼠雄性成体,中华竹鼠,雄性,成体,,,,,,,,,,,,,,,
1543,中华竹鼠雌性成体,中华竹鼠,雌性,成体,,,,,,,,,,,,,,,
1544,中华竹鼠成体,中华竹鼠,无法区分,成体,,,,,,,,,,,,,,,
1545,中华竹鼠雄性亚成体,中华竹鼠,雄性,亚成体,,,,,,,,,,,,,,,
1546,中华竹鼠雌性亚成体,中华竹鼠,雌性,亚成体,,,,,,,,,,,,,,,
1547,中华竹鼠亚成体,中华竹鼠,无法区分,亚成体,,,,,,,,,,,,,,,
1548,中华竹鼠幼体,中华竹鼠,无法区分,幼体,,,,,,,,,,,,,,,
1549,中华竹鼠,中华竹鼠,无法区分,无法区分,,,,,,,,,,,,,,,
1550,蓝须蜂虎雄性成体,蓝须蜂虎,雄性,成体,,,,,,,,,,,,,,,
1551,蓝须蜂虎雌性成体,蓝须蜂虎,雌性,成体,,,,,,,,,,,,,,,
1552,蓝须蜂虎成体,蓝须蜂虎,无法区分,成体,,,,,,,,,,,,,,,
1553,蓝须蜂虎雄性亚成体,蓝须蜂虎,雄性,亚成体,,,,,,,,,,,,,,,
1554,蓝须蜂虎雌性亚成体,蓝须蜂虎,雌性,亚成体,,,,,,,,,,,,,,,
1555,蓝须蜂虎亚成体,蓝须蜂虎,无法区分,亚成体,,,,,,,,,,,,,,,
1556,蓝须蜂虎幼体,蓝须蜂虎,无法区分,幼体,,,,,,,,,,,,,,,
1557,蓝须蜂虎,蓝须蜂虎,无法区分,无法区分,,,,,,,,,,,,,,,
1558,红喉山鹧鸪雄性成体,红喉山鹧鸪,雄性,成体,,,,,,,,,,,,,,,
1559,红喉山鹧鸪雌性成体,红喉山鹧鸪,雌性,成体,,,,,,,,,,,,,,,
1560,红喉山鹧鸪成体,红喉山鹧鸪,无法区分,成体,,,,,,,,,,,,,,,
1561,红喉山鹧鸪雄性亚成体,红喉山鹧鸪,雄性,亚成体,,,,,,,,,,,,,,,
1562,红喉山鹧鸪雌性亚成体,红喉山鹧鸪,雌性,亚成体,,,,,,,,,,,,,,,
1563,红喉山鹧鸪亚成体,红喉山鹧鸪,无法区分,亚成体,,,,,,,,,,,,,,,
1564,红喉山鹧鸪幼体,红喉山鹧鸪,无法区分,幼体,,,,,,,,,,,,,,,
1565,红喉山鹧鸪,红喉山鹧鸪,无法区分,无法区分,,,,,,,,,,,,,,,
1566,鹊鸲雄性成体,鹊鸲,雄性,成体,,,,,,,,,,,,,,,
1567,鹊鸲雌性成体,鹊鸲,雌性,成体,,,,,,,,,,,,,,,
1568,鹊鸲成体,鹊鸲,无法区分,成体,,,,,,,,,,,,,,,
1569,鹊鸲雄性亚成体,鹊鸲,雄性,亚成体,,,,,,,,,,,,,,,
1570,鹊鸲雌性亚成体,鹊鸲,雌性,亚成体,,,,,,,,,,,,,,,
1571,鹊鸲亚成体,鹊鸲,无法区分,亚成体,,,,,,,,,,,,,,,
1572,鹊鸲幼体,鹊鸲,无法区分,幼体,,,,,,,,,,,,,,,
1573,鹊鸲,鹊鸲,无法区分,无法区分,,,,,,,,,,,,,,,
1574,霜背大鼯鼠雄性成体,霜背大鼯鼠,雄性,成体,,,,,,,,,,,,,,,
1575,霜背大鼯鼠雌性成体,霜背大鼯鼠,雌性,成体,,,,,,,,,,,,,,,
1576,霜背大鼯鼠成体,霜背大鼯鼠,无法区分,成体,,,,,,,,,,,,,,,
1577,霜背大鼯鼠雄性亚成体,霜背大鼯鼠,雄性,亚成体,,,,,,,,,,,,,,,
1578,霜背大鼯鼠雌性亚成体,霜背大鼯鼠,雌性,亚成体,,,,,,,,,,,,,,,
1579,霜背大鼯鼠亚成体,霜背大鼯鼠,无法区分,亚成体,,,,,,,,,,,,,,,
1580,霜背大鼯鼠幼体,霜背大鼯鼠,无法区分,幼体,,,,,,,,,,,,,,,
1581,霜背大鼯鼠,霜背大鼯鼠,无法区分,无法区分,,,,,,,,,,,,,,,
1582,不丹羚牛雄性成体,不丹羚牛,雄性,成体,,,,,,,,,,,,,,,
1583,不丹羚牛雌性成体,不丹羚牛,雌性,成体,,,,,,,,,,,,,,,
1584,不丹羚牛成体,不丹羚牛,无法区分,成体,,,,,,,,,,,,,,,
1585,不丹羚牛雄性亚成体,不丹羚牛,雄性,亚成体,,,,,,,,,,,,,,,
1586,不丹羚牛雌性亚成体,不丹羚牛,雌性,亚成体,,,,,,,,,,,,,,,
1587,不丹羚牛亚成体,不丹羚牛,无法区分,亚成体,,,,,,,,,,,,,,,
1588,不丹羚牛幼体,不丹羚牛,无法区分,幼体,,,,,,,,,,,,,,,
1589,不丹羚牛,不丹羚牛,无法区分,无法区分,,,,,,,,,,,,,,,
1590,沙狐雄性成体,沙狐,雄性,成体,,,,,,,,,,,,,,,
1591,沙狐雌性成体,沙狐,雌性,成体,,,,,,,,,,,,,,,
1592,沙狐成体,沙狐,无法区分,成体,,,,,,,,,,,,,,,
1593,沙狐雄性亚成体,沙狐,雄性,亚成体,,,,,,,,,,,,,,,
1594,沙狐雌性亚成体,沙狐,雌性,亚成体,,,,,,,,,,,,,,,
1595,沙狐亚成体,沙狐,无法区分,亚成体,,,,,,,,,,,,,,,
1596,沙狐幼体,沙狐,无法区分,幼体,,,,,,,,,,,,,,,
1597,沙狐,沙狐,无法区分,无法区分,,,,,,,,,,,,,,,
1598,大黄冠啄木鸟雄性成体,大黄冠啄木鸟,雄性,成体,,,,,,,,,,,,,,,
1599,大黄冠啄木鸟雌性成体,大黄冠啄木鸟,雌性,成体,,,,,,,,,,,,,,,
1600,大黄冠啄木鸟成体,大黄冠啄木鸟,无法区分,成体,,,,,,,,,,,,,,,
1601,大黄冠啄木鸟雄性亚成体,大黄冠啄木鸟,雄性,亚成体,,,,,,,,,,,,,,,
1602,大黄冠啄木鸟雌性亚成体,大黄冠啄木鸟,雌性,亚成体,,,,,,,,,,,,,,,
1603,大黄冠啄木鸟亚成体,大黄冠啄木鸟,无法区分,亚成体,,,,,,,,,,,,,,,
1604,大黄冠啄木鸟幼体,大黄冠啄木鸟,无法区分,幼体,,,,,,,,,,,,,,,
1605,大黄冠啄木鸟,大黄冠啄木鸟,无法区分,无法区分,,,,,,,,,,,,,,,
1606,兔狲雄性成体,兔狲,雄性,成体,,,,,,,,,,,,,,,
1607,兔狲雌性成体,兔狲,雌性,成体,,,,,,,,,,,,,,,
1608,兔狲成体,兔狲,无法区分,成体,,,,,,,,,,,,,,,
1609,兔狲雄性亚成体,兔狲,雄性,亚成体,,,,,,,,,,,,,,,
1610,兔狲雌性亚成体,兔狲,雌性,亚成体,,,,,,,,,,,,,,,
1611,兔狲亚成体,兔狲,无法区分,亚成体,,,,,,,,,,,,,,,
1612,兔狲幼体,兔狲,无法区分,幼体,,,,,,,,,,,,,,,
1613,兔狲,兔狲,无法区分,无法区分,,,,,,,,,,,,,,,
1614,果子狸雄性成体,花面狸,雄性,成体,,,,,,,,,,,,,,,
1615,果子狸狸雌性成体,花面狸,雌性,成体,,,,,,,,,,,,,,,
1616,果子狸成体,花面狸,无法区分,成体,,,,,,,,,,,,,,,
1617,果子狸亚成体,花面狸,无法区分,亚成体,,,,,,,,,,,,,,,
1618,果子狸幼体,花面狸,无法区分,幼体,,,,,,,,,,,,,,,
1619,果子狸,果子狸,无法区分,无法区分,,,,,,,,,,,,,,,
1620,小黑领噪鹛雄性成体,小黑领噪鹛,雄性,成体,,,,,,,,,,,,,,,
1621,小黑领噪鹛雌性成体,小黑领噪鹛,雌性,成体,,,,,,,,,,,,,,,
1622,小黑领噪鹛成体,小黑领噪鹛,无法区分,成体,,,,,,,,,,,,,,,
1623,小黑领噪鹛雄性亚成体,小黑领噪鹛,雄性,亚成体,,,,,,,,,,,,,,,
1624,小黑领噪鹛雌性亚成体,小黑领噪鹛,雌性,亚成体,,,,,,,,,,,,,,,
1625,小黑领噪鹛亚成体,小黑领噪鹛,无法区分,亚成体,,,,,,,,,,,,,,,
1626,小黑领噪鹛幼体,小黑领噪鹛,无法区分,幼体,,,,,,,,,,,,,,,
1627,小黑领噪鹛,小黑领噪鹛,无法区分,无法区分,,,,,,,,,,,,,,,
1628,鬣羚雄性成体,中华鬣羚,雄性,成体,,,,,,,,,,,,,,
1629,鬣羚雌性成体,中华鬣羚,雌性,成体,,,,,,,,,,,,,,,
1630,鬣羚成体,中华鬣羚,无法区分,成体,,,,,,,,,,,,,,,
1631,鬣羚雄性亚成体,中华鬣羚,雄性,亚成体,,,,,,,,,,,,,,,
1632,鬣羚雌性亚成体,中华鬣羚,雌性,亚成体,,,,,,,,,,,,,,,
1633,鬣羚亚成体,中华鬣羚,无法区分,亚成体,,,,,,,,,,,,,,,
1634,鬣羚幼体,中华鬣羚,无法区分,幼体,,,,,,,,,,,,,,,
1635,鬣羚,中华鬣羚,无法区分,无法区分,,,,,,,,,,,,,,,
1636,斑羚雄性成体,中华斑羚,雄性,成体,,,,,,,,,,,,,,
1637,斑羚雌性成体,中华斑羚,雌性,成体,,,,,,,,,,,,,,
1638,斑羚成体,中华斑羚,无法区分,成体,,,,,,,,,,,,,,
1639,斑羚雄性亚成体,中华斑羚,雄性,亚成体,,,,,,,,,,,,,,
1640,斑羚雌性亚成体,中华斑羚,雌性,亚成体,,,,,,,,,,,,,,
1641,斑羚亚成体,中华斑羚,无法区分,亚成体,,,,,,,,,,,,,,
1642,斑羚幼体,中华斑羚,无法区分,幼体,,,,,,,,,,,,,,
1643,斑羚,中华斑羚,无法区分,无法区分,,,,,,,,,,,,,,
1644,蓝马鸡雄性成体,蓝马鸡,雄性,成体,,,,,,,,,,,,,,,
1645,蓝马鸡雌性成体,蓝马鸡,雌性,成体,,,,,,,,,,,,,,,
1646,蓝马鸡成体,蓝马鸡,无法区分,成体,,,,,,,,,,,,,,,
1647,蓝马鸡雄性亚成体,蓝马鸡,雄性,亚成体,,,,,,,,,,,,,,,
1648,蓝马鸡雌性亚成体,蓝马鸡,雌性,亚成体,,,,,,,,,,,,,,,
1649,蓝马鸡亚成体,蓝马鸡,无法区分,亚成体,,,,,,,,,,,,,,,
1650,蓝马鸡幼体,蓝马鸡,无法区分,幼体,,,,,,,,,,,,,,,
1651,蓝马鸡,蓝马鸡,无法区分,无法区分,,,,,,,,,,,,,,,
1652,褐马鸡雄性成体,褐马鸡,雄性,成体,,,,,,,,,,,,,,,
1653,褐马鸡雌性成体,褐马鸡,雌性,成体,,,,,,,,,,,,,,,
1654,褐马鸡成体,褐马鸡,无法区分,成体,,,,,,,,,,,,,,,
1655,褐马鸡雄性亚成体,褐马鸡,雄性,亚成体,,,,,,,,,,,,,,,
1656,褐马鸡雌性亚成体,褐马鸡,雌性,亚成体,,,,,,,,,,,,,,,
1657,褐马鸡亚成体,褐马鸡,无法区分,亚成体,,,,,,,,,,,,,,,
1658,褐马鸡幼体,褐马鸡,无法区分,幼体,,,,,,,,,,,,,,,
1659,褐马鸡,褐马鸡,无法区分,无法区分,,,,,,,,,,,,,,,
1660,斑胸钩嘴鹛雄性成体,斑胸钩嘴鹛,雄性,成体,,,,,,,,,,,,,,,
1661,斑胸钩嘴鹛雌性成体,斑胸钩嘴鹛,雌性,成体,,,,,,,,,,,,,,,
1662,斑胸钩嘴鹛成体,斑胸钩嘴鹛,无法区分,成体,,,,,,,,,,,,,,,
1663,斑胸钩嘴鹛雄性亚成体,斑胸钩嘴鹛,雄性,亚成体,,,,,,,,,,,,,,,
1664,斑胸钩嘴鹛雌性亚成体,斑胸钩嘴鹛,雌性,亚成体,,,,,,,,,,,,,,,
1665,斑胸钩嘴鹛亚成体,斑胸钩嘴鹛,无法区分,亚成体,,,,,,,,,,,,,,,
1666,斑胸钩嘴鹛幼体,斑胸钩嘴鹛,无法区分,幼体,,,,,,,,,,,,,,,
1667,斑胸钩嘴鹛,斑胸钩嘴鹛,无法区分,无法区分,,,,,,,,,,,,,,,
1668,白喉红尾鸲雄性成体,白喉红尾鸲,雄性,成体,,,,,,,,,,,,,,,
1669,白喉红尾鸲雌性成体,白喉红尾鸲,雌性,成体,,,,,,,,,,,,,,,
1670,白喉红尾鸲成体,白喉红尾鸲,无法区分,成体,,,,,,,,,,,,,,,
1671,白喉红尾鸲雄性亚成体,白喉红尾鸲,雄性,亚成体,,,,,,,,,,,,,,,
1672,白喉红尾鸲雌性亚成体,白喉红尾鸲,雌性,亚成体,,,,,,,,,,,,,,,
1673,白喉红尾鸲亚成体,白喉红尾鸲,无法区分,亚成体,,,,,,,,,,,,,,,
1674,白喉红尾鸲幼体,白喉红尾鸲,无法区分,幼体,,,,,,,,,,,,,,,
1675,白喉红尾鸲,白喉红尾鸲,无法区分,无法区分,,,,,,,,,,,,,,,
1676,黑顶噪鹛雄性成体,黑顶噪鹛,雄性,成体,,,,,,,,,,,,,,,
1677,黑顶噪鹛雌性成体,黑顶噪鹛,雌性,成体,,,,,,,,,,,,,,,
1678,黑顶噪鹛成体,黑顶噪鹛,无法区分,成体,,,,,,,,,,,,,,,
1679,黑顶噪鹛雄性亚成体,黑顶噪鹛,雄性,亚成体,,,,,,,,,,,,,,,
1680,黑顶噪鹛雌性亚成体,黑顶噪鹛,雌性,亚成体,,,,,,,,,,,,,,,
1681,黑顶噪鹛亚成体,黑顶噪鹛,无法区分,亚成体,,,,,,,,,,,,,,,
1682,黑顶噪鹛幼体,黑顶噪鹛,无法区分,幼体,,,,,,,,,,,,,,,
1683,黑顶噪鹛,黑顶噪鹛,无法区分,无法区分,,,,,,,,,,,,,,,
1684,眼纹噪鹛雄性成体,眼纹噪鹛,雄性,成体,,,,,,,,,,,,,,,
1685,眼纹噪鹛雌性成体,眼纹噪鹛,雌性,成体,,,,,,,,,,,,,,,
1686,眼纹噪鹛成体,眼纹噪鹛,无法区分,成体,,,,,,,,,,,,,,,
1687,眼纹噪鹛雄性亚成体,眼纹噪鹛,雄性,亚成体,,,,,,,,,,,,,,,
1688,眼纹噪鹛雌性亚成体,眼纹噪鹛,雌性,亚成体,,,,,,,,,,,,,,,
1689,眼纹噪鹛亚成体,眼纹噪鹛,无法区分,亚成体,,,,,,,,,,,,,,,
1690,眼纹噪鹛幼体,眼纹噪鹛,无法区分,幼体,,,,,,,,,,,,,,,
1691,眼纹噪鹛,眼纹噪鹛,无法区分,无法区分,,,,,,,,,,,,,,,
1692,白腹锦鸡雄性成体,白腹锦鸡,雄性,成体,,,,,,,,,,,,,,,
1693,白腹锦鸡雌性成体,白腹锦鸡,雌性,成体,,,,,,,,,,,,,,,
1694,白腹锦鸡成体,白腹锦鸡,无法区分,成体,,,,,,,,,,,,,,,
1695,白腹锦鸡雄性亚成体,白腹锦鸡,雄性,亚成体,,,,,,,,,,,,,,,
1696,白腹锦鸡雌性亚成体,白腹锦鸡,雌性,亚成体,,,,,,,,,,,,,,,
1697,白腹锦鸡亚成体,白腹锦鸡,无法区分,亚成体,,,,,,,,,,,,,,,
1698,白腹锦鸡幼体,白腹锦鸡,无法区分,幼体,,,,,,,,,,,,,,,
1699,白腹锦鸡,白腹锦鸡,无法区分,无法区分,,,,,,,,,,,,,,,
1700,星鸦成体,星鸦,无法区分,成体,,,,,,,,,,,,,,,
1701,星鸦亚成体,星鸦,无法区分,亚成体,,,,,,,,,,,,,,,
1702,星鸦幼体,星鸦,无法区分,幼体,,,,,,,,,,,,,,,
1703,星鸦,星鸦,无法区分,无法区分,,,,,,,,,,,,,,,
1704,灰林鸮成体,灰林鸮,无法区分,成体,,,,,,,,,,,,,,,
1705,灰林鸮雌性成体,灰林鸮,雌性,成体,,,,,,,,,,,,,,,
1706,灰林鸮亚成体,灰林鸮,无法区分,亚成体,,,,,,,,,,,,,,,
1707,灰林鸮幼体,灰林鸮,无法区分,幼体,,,,,,,,,,,,,,,
1708,灰林鸮,灰林鸮,无法区分,无法区分,,,,,,,,,,,,,,,
1709,丛林小鼠成体,丛林小鼠,无法区分,成体,,,,,,,,,,,,,,,
1710,丛林小鼠亚成体,丛林小鼠,无法区分,亚成体,,,,,,,,,,,,,,,
1711,丛林小鼠幼体,丛林小鼠,无法区分,幼体,,,,,,,,,,,,,,,
1712,丛林小鼠,丛林小鼠,无法区分,无法区分,,,,,,,,,,,,,,,
,,,,,,,,,,,,,,,,,,,
,,,,,,,,,,,,,,,,,,,
,,,,,,,,,,,,,,,,,,,
,,,,,,,,,,,,,,,,,,,
,,,,,,,,,,,,,,,,,,,
,,,,,,,,,,,,,,,,,,,
,,,,,,,,,,,,,,,,,,,
,,,,,,,,,,,,,,,,,,,
,,,,,,,,,,,,,,,,,,,
,,,,,,,,,,,,,,,,,,,
,,,,,,,,,,,,,,,,,,,
,,,,,,,,,,,,,,,,,,,
,,,,,,,,,,,,,,,,,,,
,,,,,,,,,,,,,,,,,,,
,,,,,,,,,,,,,,,,,,,
,,,,,,,,,,,,,,,,,,,
,,,,,,,,,,,,,,,,,,,
,,,,,,,,,,,,,,,,,,,
,,,,,,,,,,,,,,,,,,,
,,,,,,,,,,,,,,,,,,,
,,,,,,,,,,,,,,,,,,,
,,,,,,,,,,,,,,,,,,,
,,,,,,,,,,,,,,,,,,,
,,,,,,,,,,,,,,,,,,,
,,,,,,,,,,,,,,,,,,,
,,,,,,,,,,,,,,,,,,,
,,,,,,,,,,,,,,,,,,,
,,,,,,,,,,,,,,,,,,,
,,,,,,,,,,,,,,,,,,,
,,,,,,,,,,,,,,,,,,,
,,,,,,,,,,,,,,,,,,,
,,,,,,,,,,,,,,,,,,,
,,,,,,,,,,,,,,,,,,,
,,,,,,,,,,,,,,,,,,,
,,,,,,,,,,,,,,,,,,,
,,,,,,,,,,,,,,,,,,,
,,,,,,,,,,,,,,,,,,,
,,,,,,,,,,,,,,,,,,,
,,,,,,,,,,,,,,,,,,,
,,,,,,,,,,,,,,,,,,,
,,,,,,,,,,,,,,,,,,,
,,,,,,,,,,,,,,,,,,,
,,,,,,,,,,,,,,,,,,,
,,,,,,,,,,,,,,,,,,,
,,,,,,,,,,,,,,,,,,,
,,,,,,,,,,,,,,,,,,,
,,,,,,,,,,,,,,,,,,,
